File Name,File Type,nop,move,move-wide,move-object,move-result,move-result-wide,move-result-object,move-exception,return-void,return ,return-wide,return-object,const,const-wide,const-string,const-class,monitor-enter,monitor-exit,check-cast,instance-of,array-length,new-instance,new-array,filled-new-array,filled-new-array-range,fill-array-data,throw,goto,packed-switch,sparse-switch,cmpl-float,cmpg-float,cmpl-double ,cmp-long,if-ne,if-lt,if-ge,if-gt,if-le,if-eqz,if-nez,if-ltz,if-gez,if-gtz,if-lez,unused_3E,unused_3F,unused_40,unused_41,unused_42,unused_43,aget,aget-wide,aget-object,aget-boolean,aget-byte,aget-char,aget-short,aput,aput-wide,aput-object,aput-boolean,aput-byte,aput-char,aput-short,iget,iget-wide,iget-object,iget-boolean,iget-byte,iget-char,iget-short,iput,iput-wide,iput-object,iput-boolean,iput-byte,iput-char,iput-short,sget,sget-wide,sget-object,sget-boolean,sget-byte,sget-char,sget-short,sput,sput-wide,sput-object,sput-boolean,sput-byte,sput-char,sput-short,invoke-virtual,invoke-super,invoke-direct,invoke-static,invoke-interface,unused_73,invoke-interface-range,unused_79,unused_7A,neg-int,not-int,neg-long,not-long,neg-float,neg-double,int-to-long,int-to-float,int-to-double,long-to-int ,long-to-float,long-to-double,float-to-int,float-to-long,float-to-double,double-to-int,double-to-long,double-to-float,int-to-byte,int-to-char,int-to-short,add-long,sub-long,mul-long,div-long,rem-long,and-long,or-long,xor-long,shl-long,shr-long,ushr-long,add-float,sub-float,mul-float,div-float,rem-float,add-double,sub-double,mul-double,div-double,rem-double,mul-int,rem-int,and-int,or-int,xor-int,rem-int,and-int,or-int,xor-int,shl-int,shr-int,ushr-int,unused_E3,execute-inline,invoke-direct-empty,iget-quick,iget-wide-quick,iget-object-quick,iput-quick,iput-wide-quick,iput-object-quick,invoke-virtual-quick,invoke-super-quick
BhimUpi1,.txt,113,3791,63,2161,7555,186,9268,781,5040,0,44,2151,9149,168,2925,106,100,227,1686,334,136,2478,431,0,0,126,797,5991,102,108,90,27,0,53,815,315,652,73,138,5595,2252,223,112,44,270,0,0,0,0,0,0,305,3,153,1,0,6,0,257,3,239,1,0,0,0,3424,101,11994,1144,0,22,0,1561,69,2360,911,0,18,0,706,2,883,94,0,0,0,24,1,554,43,0,0,0,20237,645,4850,5175,2393,0,0,0,0,103,0,0,0,32,5,34,249,4,0,8,0,155,1,52,14,0,22,1,1,0,17,15,1,3,0,15,9,5,10,0,1,101,73,111,83,3,31,26,67,15,0,61,8,278,108,26,8,278,108,26,55,14,3,0,0,0,0,0,0,0,0,0,0,0
BhimUpi10,.txt,296,4948,925,8302,36318,3758,75829,3775,23943,0,768,18810,76544,2224,8351,1772,1117,2587,9533,1763,2193,19115,4415,592,0,828,6394,21738,341,55,438,181,0,1080,4032,1593,4008,765,700,24290,10640,948,542,269,1301,0,0,0,0,0,0,2280,347,1880,37,653,76,8,1934,229,6129,28,365,91,7,10577,1361,38034,3276,16,22,15,5708,916,12018,2812,9,26,9,2183,44,14922,380,2,4,1,152,69,4586,174,2,1,1,88877,1928,33261,59195,16903,0,0,0,0,196,54,11,8,79,42,1480,1290,178,0,32,75,456,2,429,154,22,210,530,174,60,534,315,82,53,15,246,114,74,157,48,89,631,501,723,442,5,264,187,571,210,11,994,202,2561,897,578,202,2561,897,578,735,287,290,0,0,0,0,0,0,0,0,0,0,0
BhimUpi2,.txt,200,5014,157,5080,12011,792,21258,2459,9276,0,99,3974,17476,580,10126,319,572,1321,3553,505,464,7047,913,0,0,133,1764,10556,230,144,173,58,0,186,1054,434,985,114,214,9367,3921,275,165,97,514,0,0,0,0,0,0,386,25,325,6,339,9,0,393,8,835,7,325,0,0,27488,562,56940,1905,0,10,0,13635,292,6731,1864,1,10,0,748,16,2813,160,0,1,0,68,10,1473,106,0,1,0,33446,851,12183,14265,5997,0,0,0,0,89,0,1,0,38,2,126,504,96,0,11,21,244,1,74,117,3,31,303,4,0,97,93,46,12,22,46,19,45,37,2,33,215,146,298,146,1,8,14,115,38,0,175,38,5298,1669,8325,38,5298,1669,8325,290,45,220,0,0,0,0,0,0,0,0,0,0,0
BhimUpi3,.txt,260,5681,305,10158,18511,1095,32318,3126,15794,0,283,8401,26738,933,13977,383,710,1591,4676,738,930,10551,1400,0,0,213,2958,14627,309,171,306,103,0,372,2004,675,1529,196,374,13224,5929,440,307,164,823,0,0,0,0,0,0,540,37,627,7,418,65,0,472,25,1386,8,391,21,0,30157,664,65833,2588,0,42,0,14970,441,9187,2358,1,29,0,1200,19,4081,188,0,1,0,54,13,1694,86,0,1,0,51830,1220,19073,17972,9884,0,0,0,0,128,0,2,0,59,5,216,733,28,0,21,10,317,4,113,51,4,39,343,15,1,111,138,36,22,21,75,28,24,45,5,24,305,249,426,220,8,64,46,148,54,0,253,37,5509,1786,8353,37,5509,1786,8353,348,80,237,0,0,0,0,0,0,0,0,0,0,0
BhimUpi4,.txt,217,6659,185,5535,15836,1117,25417,2680,11421,0,182,6030,21099,710,10806,374,715,1612,3749,727,984,7794,1080,0,0,112,2440,13661,258,203,196,69,0,330,1611,536,1396,153,284,11677,5533,360,222,122,661,0,0,0,0,0,0,649,41,587,4,319,29,1,513,28,1363,7,298,2,2,28679,612,62351,2137,0,20,0,14246,350,7464,1840,0,19,0,986,13,2896,141,0,0,0,57,10,1635,67,0,0,0,42673,1305,14053,14838,7090,0,0,0,0,136,0,2,0,59,7,161,514,21,0,16,7,238,1,100,35,4,37,312,12,4,126,117,39,19,21,47,29,32,33,1,26,248,160,285,160,3,35,30,83,27,0,473,20,5355,1754,8350,20,5355,1754,8350,316,50,223,0,0,0,0,0,0,0,0,0,0,0
BhimUpi5,.txt,589,12782,465,22109,25403,1631,62011,6878,20314,0,338,13713,56575,1533,35607,370,799,1775,11795,3749,2238,22067,4383,0,0,59,6760,31410,619,539,232,81,0,470,4982,1074,2388,417,740,20925,9214,1049,783,255,1190,0,0,0,0,0,0,784,82,2365,14,457,310,53,580,56,8678,10,482,113,29,32396,1071,75080,2573,2,157,6,17465,559,16617,2137,2,93,5,1175,19,20226,237,42,16,0,154,12,6994,129,17,0,0,88645,2358,31395,35144,11742,0,0,0,0,102,0,18,0,29,25,312,512,82,0,23,29,279,4,126,33,12,54,485,181,66,143,143,55,49,40,162,59,33,57,41,45,211,160,342,184,19,132,85,209,100,7,698,65,6041,1999,8426,65,6041,1999,8426,527,244,323,0,0,0,0,0,0,0,0,0,0,0
BhimUpi6,.txt,152,4480,374,4042,9338,901,15746,1882,7629,0,228,3590,14674,942,7371,262,427,964,2397,371,403,5277,772,1,0,82,1550,8665,162,113,73,30,0,493,1159,325,871,82,184,7516,3255,199,162,78,423,0,0,0,0,0,0,442,71,276,17,446,5,0,315,45,776,17,314,0,0,26354,1037,51975,1431,0,13,0,13336,651,5049,1316,0,12,0,813,19,2164,146,0,0,0,142,10,992,57,0,0,0,26136,685,9340,9814,5193,0,0,0,0,41,0,1,0,12,5,318,259,16,0,16,20,133,4,49,12,15,12,307,9,1,180,202,101,71,20,65,54,8,49,4,19,105,54,184,89,2,39,26,93,34,0,277,16,5335,1670,8315,16,5335,1670,8315,313,63,233,0,0,0,0,0,0,0,0,0,0,0
BhimUpi7,.txt,220,6701,185,5540,15967,1120,25487,2686,11490,0,183,6056,21196,711,10833,375,716,1614,3752,728,985,7827,1085,0,0,112,2444,13706,260,204,210,79,0,330,1617,537,1397,153,284,11716,5543,363,230,125,667,0,0,0,0,0,0,665,41,587,4,319,29,1,527,28,1368,7,298,2,2,28792,613,62554,2148,0,20,0,14286,351,7516,1847,0,19,0,988,13,2934,141,0,0,0,57,10,1642,67,0,0,0,42819,1319,14161,14950,7098,0,0,0,0,136,0,2,0,65,7,161,566,21,0,17,7,244,1,107,35,4,40,312,12,4,126,118,39,19,21,47,29,32,33,1,26,258,182,314,182,3,35,30,84,28,0,473,20,5355,1754,8350,20,5355,1754,8350,316,50,223,0,0,0,0,0,0,0,0,0,0,0
BhimUpi8,.txt,631,12459,585,17198,38487,3277,76795,7266,30150,0,706,21265,56180,2078,30921,731,1455,3298,12032,2205,1941,22634,3480,0,0,238,7631,34262,883,784,350,126,0,940,2918,913,2926,261,472,26750,11543,603,384,253,1215,0,0,0,0,0,0,869,65,1336,6,345,43,1,735,46,4846,6,299,14,0,33114,2128,90872,3598,41,37,6,17246,1199,17505,3154,15,26,3,1942,31,8917,323,0,0,0,111,30,3957,154,0,0,0,113410,2242,38694,49307,22053,0,0,0,0,144,0,7,0,44,8,299,743,106,0,37,48,331,9,132,85,18,54,317,21,5,240,224,62,33,25,92,36,78,45,1,75,342,251,505,241,18,93,69,189,72,5,798,28,5508,1869,8371,28,5508,1869,8371,344,49,232,0,0,0,0,0,0,0,0,0,0,0
BhimUpi9,.txt,406,6057,370,8602,18512,1880,42327,4858,16573,0,432,12211,32144,1043,20145,333,802,1784,5811,919,1068,12716,2018,1,0,28,4695,18353,554,520,84,49,0,574,1030,245,1433,107,185,12700,5300,218,149,132,573,0,0,0,0,0,0,254,34,557,3,286,7,1,191,23,3662,2,278,10,0,27052,1502,61935,1879,35,7,6,14121,829,10067,1628,10,7,3,362,16,5965,154,0,0,0,83,11,2761,63,0,0,0,62774,1069,20776,29354,13159,0,0,0,0,9,0,2,0,16,0,239,274,50,0,7,22,95,2,43,30,7,8,306,7,2,149,167,43,26,18,49,35,29,36,1,52,108,66,190,87,10,19,18,19,32,4,486,15,5086,1642,8314,15,5086,1642,8314,239,17,249,0,0,0,0,0,0,0,0,0,0,0
BhuNaksh1,.txt,383,4601,379,8426,48320,3824,61496,4873,27052,0,913,21063,68936,1969,25786,2330,1202,2852,13623,1828,3690,19303,4811,0,0,1075,7745,30895,242,100,1601,319,0,1438,5094,2008,4465,848,601,28628,12335,1123,835,331,1657,0,0,0,0,0,0,2338,745,1969,232,453,1662,306,1959,207,4629,56,109,1424,17,15396,720,49230,3552,18,51,21,10207,493,13730,3675,9,40,13,14060,195,9236,321,58,663,0,7142,85,3093,149,29,299,0,93486,2945,33783,56425,17400,0,0,0,0,298,0,16,0,160,33,721,1769,167,0,29,32,638,7,755,74,11,420,753,3112,336,184,198,104,25,6,101,22,283,29,3,37,1156,918,1432,921,23,332,293,556,206,18,732,10885,1422,417,756,10885,1422,417,756,542,2801,244,0,0,0,0,0,0,0,0,0,0,0
BhuNaksh2,.txt,5,26,0,72,315,12,804,71,406,0,5,127,554,6,500,12,17,40,74,4,5,257,18,0,0,0,41,318,8,2,0,0,0,1,27,29,12,0,5,314,117,1,1,0,12,0,0,0,0,0,0,0,0,8,0,0,0,0,0,0,45,0,0,0,0,28,2,661,31,0,0,0,33,2,226,39,0,0,0,37,0,99,2,0,0,0,12,0,23,2,0,0,0,1241,27,408,264,235,0,0,0,0,0,0,0,0,0,0,5,0,0,0,0,0,0,0,0,0,0,0,0,0,0,0,1,0,0,0,0,0,0,0,0,0,0,0,0,0,0,0,0,0,0,0,0,0,3,0,0,0,3,0,0,0,0,0,0,0,0,0,0,0,0,0,0,0,0
BhuNaksh3,.txt,336,5250,625,10387,34925,2446,57315,4227,31578,0,539,19411,49237,1596,18904,1588,1711,3942,13050,1945,1579,19490,3708,0,0,715,5593,21568,318,28,658,219,0,787,4402,1990,3053,485,543,23564,10805,787,519,267,1232,0,0,0,0,0,0,1598,130,1398,40,666,34,10,1906,75,4352,38,386,25,7,36435,1193,78090,4140,10,26,0,19718,1052,19015,4096,18,34,0,4687,36,9015,292,0,0,0,239,49,4156,140,0,0,0,86937,2206,37157,37762,17384,0,0,0,0,235,0,6,0,125,20,1029,1656,52,0,24,17,520,5,226,63,8,113,445,39,27,365,324,90,48,20,192,93,63,114,40,44,648,533,758,534,16,81,67,207,63,0,729,54,6478,2322,8639,54,6478,2322,8639,681,118,361,0,0,0,0,0,0,0,0,0,0,0
BhuNaksh4,.txt,299,8529,1294,13737,40449,3444,59000,4237,33638,0,909,19626,60209,2705,22458,1245,1690,4112,13476,2026,1733,22211,4449,114,0,830,5808,26096,287,65,806,278,0,1529,5885,2257,3899,549,648,27735,12647,917,700,409,1526,0,0,0,0,0,0,1750,872,2020,89,881,35,17,2040,322,3871,71,488,38,10,19227,2391,63026,5087,13,28,0,12932,1853,22175,4955,19,35,0,4936,40,9330,280,0,0,0,249,24,4146,139,0,0,0,98501,2149,40159,42326,18230,0,0,0,0,259,1651,13,9,151,26,1114,1604,71,0,35,46,594,13,366,69,20,206,459,55,47,880,577,333,119,25,248,151,86,177,88,60,884,698,1005,702,17,159,189,406,118,9,968,64,6146,2290,5702,64,6146,2290,5702,827,304,257,0,0,0,0,0,0,0,0,0,0,0
BhuNaksh5,.txt,350,9758,1551,19469,54393,5417,82246,5092,40785,0,1788,30566,77687,3602,36685,1549,1877,4545,23088,3155,4041,30001,5165,126,0,757,8474,34717,299,71,842,327,0,1884,7455,2528,5576,735,775,35634,16661,1535,1234,538,1997,0,0,0,0,0,0,2201,964,2537,274,1116,238,221,2175,356,4951,87,585,60,27,21667,2883,70166,5402,37,47,11,14275,2082,26007,5195,30,37,8,5453,84,12569,293,1,11,0,261,40,4958,160,1,0,0,118255,2567,52200,71904,28661,0,0,0,0,317,1661,33,13,157,29,1407,1643,142,0,36,61,592,15,550,79,29,339,593,72,106,1085,674,367,151,51,404,179,148,200,124,97,1010,753,1324,826,20,258,215,463,213,12,1185,99,7486,2505,5938,99,7486,2505,5938,864,359,302,0,0,0,0,0,0,0,0,0,0,0
CRED1,.txt,424,19065,1117,33705,53571,4698,97826,5179,44129,0,959,38088,96644,5127,68176,5928,2358,5306,33739,6733,2544,47469,7047,391,0,1205,15779,48208,783,38,480,211,0,2326,8871,1337,4145,934,776,57578,17159,1182,775,367,1661,0,0,0,0,0,0,1716,117,4281,52,642,79,7,1659,48,14648,42,343,84,5,17994,3439,100827,6363,224,117,85,10198,2005,31197,4541,238,53,9,5155,105,35870,334,2,14,0,110,64,14242,122,2,2,0,142260,2861,70280,80628,33042,0,0,0,0,256,92,53,10,121,12,1657,1150,154,0,35,41,411,8,234,87,11,179,465,184,29,790,519,206,218,104,802,560,173,145,101,170,696,464,617,410,15,98,53,145,102,3,4221,222,6977,1661,1170,222,6977,1661,1170,887,215,247,0,0,0,0,0,0,0,0,0,0,0
CRED10,.txt,1851,42447,8544,191147,242876,22947,538957,18962,191680,0,4313,171290,802413,16871,245339,27060,4709,10657,165801,29751,12981,193613,37659,3488,0,5987,48163,185700,2132,428,2054,1314,0,6346,40092,4781,15962,3582,2764,240036,107111,4530,2766,1582,6164,0,0,0,0,0,0,15370,4298,16712,274,11019,899,350,12503,1861,52524,372,160452,771,143,66795,10792,475279,21514,280,178,107,51368,5784,152865,17668,377,79,34,22129,437,135689,886,47,106,33,4857,679,40247,627,61,76,42,668192,7411,307857,465653,181797,0,0,0,0,1378,1965,95,67,514,57,8034,4075,474,0,140,170,2411,49,1210,379,122,894,151853,2002,1899,6208,2611,2645,585,118,3944,936,2449,1837,1277,2059,2464,2387,3177,2089,65,423,359,1059,423,22,16256,4450,49326,15253,13428,4450,49326,15253,13428,7839,4223,3099,0,0,0,0,0,0,0,0,0,0,0
CRED2,.txt,419,18034,797,15649,42823,3293,75584,7150,26433,0,621,18641,63980,3249,32926,2443,1290,2757,12066,2720,3173,24614,6623,14,0,1078,6527,37232,590,244,636,297,0,1337,6402,1791,4619,864,1112,31278,15001,1093,879,583,2211,0,0,0,0,0,0,2451,196,2487,60,651,477,37,1655,86,8008,68,466,479,12,15820,2167,61986,4054,236,369,60,9246,1625,17988,3775,91,269,28,2863,117,14322,804,0,5,0,434,148,5078,466,0,1,0,105997,2264,40932,39055,24576,0,0,0,0,278,0,24,0,102,40,890,2266,141,0,33,97,657,7,261,122,26,135,392,208,46,466,483,152,106,22,196,101,82,143,54,41,908,748,1014,705,12,275,218,595,231,7,1023,232,1737,651,239,232,1737,651,239,506,286,230,0,0,0,0,0,0,0,0,0,0,0
CRED3,.txt,271,15692,1477,22251,58220,5350,84958,4872,44166,0,1750,33733,70969,3749,40731,1697,1412,3308,28997,3266,4592,29673,4811,133,0,1159,8232,36891,302,63,1097,473,0,1985,7601,2511,5266,1099,940,38722,19391,1753,1252,502,2205,0,0,0,0,0,0,2558,867,3379,255,620,298,247,2445,237,4722,73,213,108,20,22785,2564,81545,6914,15,47,9,14391,1514,25286,5724,8,39,3,6752,82,13722,399,2,11,0,194,52,5552,173,2,0,0,137698,2780,51814,71683,31551,0,0,0,0,408,44,57,8,259,37,1436,2491,176,0,43,39,854,11,774,145,16,514,321,65,69,773,493,67,78,35,335,111,91,108,68,114,1675,1397,1645,1154,31,344,285,558,180,17,1802,114,4145,947,882,114,4145,947,882,418,213,150,0,0,0,0,0,0,0,0,0,0,0
CRED4,.txt,125,3810,122,5376,10518,304,10694,556,8026,0,82,3049,13144,368,3234,121,113,258,2351,354,269,3681,624,0,0,153,763,6932,141,93,282,86,0,90,1143,563,922,135,254,6902,2932,337,182,91,474,0,0,0,0,0,0,431,23,240,1,2,7,0,360,19,315,4,1,11,0,5407,141,17240,1503,0,36,0,2565,100,3592,1311,0,24,0,1169,4,1446,164,0,0,0,18,2,693,50,0,0,0,24510,772,7448,5546,2824,0,0,0,0,134,0,1,0,59,5,48,631,8,0,18,1,294,2,98,32,0,35,1,3,0,21,25,0,2,3,35,9,5,9,0,1,299,232,391,189,8,63,43,125,43,0,116,13,446,185,39,13,446,185,39,86,29,8,0,0,0,0,0,0,0,0,0,0,0
CRED5,.txt,5,130,17,740,669,38,1885,220,565,0,20,237,1004,34,1085,21,47,103,99,18,29,596,59,0,0,0,154,596,9,3,0,0,0,15,37,30,31,0,5,620,242,4,6,4,30,0,0,0,0,0,0,1,0,18,5,0,0,0,8,0,75,2,0,0,0,38,25,1122,57,0,0,0,43,13,373,51,0,0,0,76,0,173,9,0,0,0,33,0,29,7,0,0,0,2661,33,946,635,312,0,0,0,0,0,0,0,0,0,0,24,0,0,0,4,0,0,0,0,0,0,0,0,0,0,2,5,1,1,0,0,0,0,0,0,0,0,0,0,0,0,0,0,0,0,0,1,0,4,0,0,0,4,0,0,0,0,0,0,0,0,0,0,0,0,0,0,0,0
CRED6,.txt,576,14315,1841,16428,54018,4304,94739,7017,43709,0,1382,33539,72887,3630,56423,2619,2193,5037,17873,2590,4364,35890,6063,547,0,940,9746,34676,1013,54,563,256,0,1899,6131,2240,5872,903,1197,37604,18285,1395,1052,499,2114,0,0,0,0,0,0,2568,431,2959,225,1084,291,130,2118,137,8680,92,593,87,17,41160,3421,121684,5827,13,93,8,20864,1920,26752,5332,10,53,5,3921,56,16203,382,0,20,0,341,81,5770,190,0,2,0,146873,2726,60077,59766,31821,0,0,0,0,213,0,31,0,86,14,1463,1972,315,0,43,77,577,10,282,154,31,119,574,152,52,697,628,230,160,43,268,129,52,140,52,76,594,572,905,631,20,188,95,335,217,4,1350,203,7328,2316,8840,203,7328,2316,8840,851,355,395,0,0,0,0,0,0,0,0,0,0,0
CRED7,.txt,26,1122,67,977,7254,172,5659,248,4359,0,29,2044,8707,147,1569,100,43,99,1488,268,164,2059,479,0,0,119,436,3945,12,3,133,44,0,46,898,345,697,82,154,5170,2108,236,130,45,320,0,0,0,0,0,0,372,3,163,1,6,5,0,287,3,269,1,1,0,0,2885,52,9094,1031,0,18,0,1635,57,2069,884,0,21,0,692,2,639,90,0,0,0,11,1,390,30,0,0,0,16439,620,4160,2965,1348,0,0,0,0,109,0,0,0,23,2,31,333,3,0,7,0,184,1,53,10,0,29,2,0,0,16,15,2,3,0,15,8,4,9,0,0,123,87,180,107,3,32,26,62,15,0,67,6,294,117,88,6,294,117,88,57,25,4,0,0,0,0,0,0,0,0,0,0,0
CRED8,.txt,0,0,0,0,0,0,0,0,0,0,0,0,0,0,0,0,0,0,0,0,0,0,0,0,0,0,0,0,0,0,0,0,0,0,0,0,0,0,0,0,0,0,0,0,0,0,0,0,0,0,0,0,0,0,0,0,0,0,0,0,0,0,0,0,0,0,0,0,0,0,0,0,0,0,0,0,0,0,0,0,0,0,0,0,0,0,0,0,0,0,0,0,0,0,0,0,0,0,0,0,0,0,0,0,0,0,0,0,0,0,0,0,0,0,0,0,0,0,0,0,0,0,0,0,0,0,0,0,0,0,0,0,0,0,0,0,0,0,0,0,0,0,0,0,0,0,0,0,0,0,0,0,0,0,0,0,0,0,0,0,0,0,0,0,0,0,0
CRED9,.txt,119,4138,106,6418,8268,243,10493,784,6205,0,57,2869,12556,325,3538,144,140,319,2191,349,353,3510,589,0,0,113,959,6740,151,67,250,90,0,90,1225,614,870,75,207,6238,2705,252,147,99,400,0,0,0,0,0,0,462,23,331,9,5,5,0,295,19,467,25,1,9,0,4495,96,15438,1186,0,38,0,2860,66,3215,1082,0,32,0,1342,0,1798,149,0,0,0,26,0,624,50,0,0,0,22351,652,6449,4446,2190,0,0,0,0,77,0,1,0,28,5,37,487,4,0,12,1,237,2,65,4,0,27,0,3,0,21,20,0,3,3,32,5,1,1,0,1,241,169,311,171,6,55,38,111,39,0,105,7,357,127,28,7,357,127,28,76,25,6,0,0,0,0,0,0,0,0,0,0,0
digitalindia1,.txt,747,13746,3118,48762,113327,9398,226237,10228,107847,0,2642,62879,175540,7181,103618,6915,3218,7409,45159,5822,4784,72153,16163,2396,0,5157,13475,75660,616,210,1408,668,0,4147,15789,3203,7707,1200,1599,86366,42117,1800,1504,952,4061,0,0,0,0,0,0,3846,579,5327,109,1264,287,29,4529,266,15302,86,509,113,15,35078,6555,178403,12194,29,60,79,22874,3790,65255,10553,22,64,33,10487,114,33631,612,3,8,6,653,119,14643,402,3,1,0,367000,7554,113451,141569,62488,0,0,0,0,420,116,41,8,339,39,2323,3616,272,0,124,111,1074,46,854,235,45,531,722,176,207,1387,1253,293,327,39,343,153,183,220,74,142,1953,1777,2157,1818,28,330,293,669,268,22,4174,615,6273,1381,1757,615,6273,1381,1757,932,546,258,0,0,0,0,0,0,0,0,0,0,0
digitalindia2,.txt,197,8811,575,7904,35109,3436,46076,2936,24121,0,824,16726,39577,2298,21022,1735,1115,2537,11835,1839,1691,17683,3007,143,0,442,5470,22916,326,85,480,160,0,951,4543,983,2784,632,615,22115,10741,835,583,289,1243,0,0,0,0,0,0,1350,303,1431,31,434,49,3,1874,238,3732,31,243,71,4,10328,951,36592,3374,110,98,8,5415,703,11760,2916,14,60,9,1601,40,10652,363,0,4,0,137,44,4277,131,0,4,0,76686,2370,31589,30700,18011,0,0,0,0,209,48,9,6,134,33,831,1377,151,0,33,72,412,2,466,212,32,269,288,59,27,539,361,93,65,7,134,72,33,88,39,43,548,434,732,494,10,417,225,717,208,6,672,174,1425,571,367,174,1425,571,367,328,168,143,0,0,0,0,0,0,0,0,0,0,0
digitalindia3,.txt,259,4759,823,13093,28524,2861,46594,4406,22335,0,556,12371,45533,1999,22181,1528,1745,3983,12785,2585,1517,21157,3412,0,0,385,6265,23520,310,40,336,92,0,1217,3729,1279,2709,517,521,23356,10638,718,430,212,1067,0,0,0,0,0,0,1220,119,1259,33,754,83,13,1452,56,5196,19,456,37,7,14845,1678,54299,3977,10,29,1,16916,1197,17615,3482,19,28,2,1136,29,11074,195,2,0,0,181,24,4199,102,2,0,0,79175,1217,30299,28589,16900,0,0,0,0,159,0,8,0,66,5,1136,812,38,0,19,24,342,3,142,50,13,74,497,48,39,477,424,121,88,24,209,105,94,146,59,82,345,235,370,263,7,44,42,99,32,0,685,51,6461,2383,8843,51,6461,2383,8843,733,146,377,0,0,0,0,0,0,0,0,0,0,0
digitalindia4,.txt,353,5886,224,8340,17725,1291,38275,4258,15783,0,354,11482,30216,717,17557,423,851,1896,5895,1090,1033,12075,1767,0,0,118,4596,16112,431,356,166,58,0,353,1406,433,1419,133,206,12329,5271,286,176,152,626,0,0,0,0,0,0,222,14,580,5,355,67,1,305,8,3085,4,354,53,0,27644,1015,59975,1809,1,29,6,14300,562,8817,1601,2,21,3,803,28,5712,124,0,0,0,50,18,2415,56,0,0,0,57462,817,20237,24077,11574,0,0,0,0,44,0,3,0,18,0,128,440,13,0,19,17,207,3,53,18,13,20,300,21,3,70,81,30,8,18,46,13,23,16,47,24,126,108,235,149,11,22,17,38,15,4,270,19,5297,1680,8335,19,5297,1680,8335,298,37,222,0,0,0,0,0,0,0,0,0,0,0
digitalindia5,.txt,470,7262,2071,13227,57764,5786,78420,3998,40897,0,1931,27230,114244,4074,37719,1572,1163,2667,17068,2248,4641,29729,6307,217,0,1647,8262,35450,380,68,744,252,0,2375,7449,2458,6634,993,930,36088,16270,1620,976,467,2042,0,0,0,0,0,0,2357,635,5349,206,1696,185,173,2019,183,16070,84,933,47,22,20216,3801,72734,5831,18,44,6,11900,2211,19871,5238,23,37,1,5571,60,19088,321,0,13,0,791,81,7803,201,0,0,0,125160,3084,53337,62728,24884,0,0,0,0,305,0,43,0,127,8,1985,1916,210,0,50,91,832,15,273,123,38,150,1056,82,88,989,765,303,207,29,360,172,118,220,36,90,732,545,1082,674,14,174,89,285,186,5,1507,88,3695,1111,1352,88,3695,1111,1352,739,235,335,0,0,0,0,0,0,0,0,0,0,0
digitalindia6,.txt,225,3814,455,6561,30820,2166,44172,1950,22927,0,513,13922,40642,1260,13889,1494,639,1468,8590,1595,1093,14457,2895,0,0,633,3227,18315,216,25,700,253,0,477,3889,1790,2607,333,461,20539,9127,660,475,248,1124,0,0,0,0,0,0,1383,302,2261,41,132,36,3,1509,117,3038,34,37,22,2,12573,858,45659,3286,2,25,0,7939,584,13258,3256,2,35,0,4365,35,6149,237,2,0,0,697,35,2868,124,2,0,0,79336,2350,27622,24461,11623,0,0,0,0,231,0,7,0,150,24,520,1451,62,0,23,15,517,5,316,62,6,164,72,15,4,193,135,19,30,4,58,34,47,57,8,33,788,661,858,596,17,155,180,390,93,9,459,39,1185,496,405,39,1185,496,405,261,55,86,0,0,0,0,0,0,0,0,0,0,0
digitalindia7,.txt,404,6316,987,13584,57565,5371,84513,3764,39051,0,1772,28553,107876,3274,36215,2024,1017,2365,19451,3028,4606,29986,5745,107,0,1411,8100,36007,298,67,917,366,0,1486,7181,2398,6023,657,797,35168,16476,1525,1218,502,2123,0,0,0,0,0,0,2276,845,6000,269,1247,251,212,2129,266,12912,78,847,48,21,20942,2441,72271,4774,13,46,11,13447,1562,21600,4742,11,38,8,6233,82,17466,317,3,11,0,1254,40,6341,188,3,0,0,125896,2793,51807,69588,26250,0,0,0,0,337,0,41,0,184,35,1001,2282,232,0,30,71,938,12,798,119,31,442,881,60,80,632,481,162,128,37,281,104,116,112,59,73,1275,1008,1775,1087,25,370,305,617,258,18,1088,101,2889,891,1320,101,2889,891,1320,517,222,150,0,0,0,0,0,0,0,0,0,0,0
digitalindia8,.txt,0,0,0,0,0,0,0,0,0,0,0,0,0,0,0,0,0,0,0,0,0,0,0,0,0,0,0,0,0,0,0,0,0,0,0,0,0,0,0,0,0,0,0,0,0,0,0,0,0,0,0,0,0,0,0,0,0,0,0,0,0,0,0,0,0,0,0,0,0,0,0,0,0,0,0,0,0,0,0,0,0,0,0,0,0,0,0,0,0,0,0,0,0,0,0,0,0,0,0,0,0,0,0,0,0,0,0,0,0,0,0,0,0,0,0,0,0,0,0,0,0,0,0,0,0,0,0,0,0,0,0,0,0,0,0,0,0,0,0,0,0,0,0,0,0,0,0,0,0,0,0,0,0,0,0,0,0,0,0,0,0,0,0,0,0,0,0
digitalindia9,.txt,110,2985,393,5249,16557,1303,22216,1618,9700,0,220,4706,25376,981,11362,781,472,1088,5874,1070,667,9046,1613,72,0,327,4003,13267,76,6,296,94,0,625,2624,592,1757,285,378,15074,6180,514,296,142,747,0,0,0,0,0,0,688,36,893,12,142,40,0,559,19,1907,12,93,24,0,7579,883,30695,2456,3,31,0,4385,442,8032,2085,3,35,0,1601,21,4571,129,2,0,0,37,17,1923,54,2,0,0,46144,857,12414,13215,6037,0,0,0,0,154,22,5,6,55,3,487,777,45,0,17,10,286,1,96,42,4,49,135,20,9,248,157,20,35,3,47,29,35,46,17,31,332,237,273,207,9,43,34,97,22,0,341,20,956,467,362,20,956,467,362,267,81,77,0,0,0,0,0,0,0,0,0,0,0
eCourt1,.txt,87,2927,74,1635,8120,192,7945,432,5735,0,47,3230,10211,217,2712,136,129,300,1835,362,346,3026,595,0,0,124,780,4867,142,6,254,85,0,43,1249,687,879,72,191,6009,2569,200,160,87,417,0,0,0,0,0,0,481,23,455,4,5,5,0,319,19,474,12,1,9,0,4537,114,13335,1121,0,38,0,3069,108,2907,1116,0,32,0,1420,0,1745,116,0,0,0,24,0,574,38,0,0,0,20475,690,5759,3882,1760,0,0,0,0,80,0,1,0,27,2,35,471,5,0,7,1,234,0,51,4,0,30,0,3,0,53,17,0,2,1,5,5,1,3,0,1,238,177,312,170,8,55,37,107,39,0,90,7,334,116,71,7,334,116,71,68,25,6,0,0,0,0,0,0,0,0,0,0,0
eCourt2,.txt,257,6248,287,9794,18666,1388,30158,3158,14925,0,243,7452,32380,1019,20432,293,795,1827,4988,799,834,9035,8628,0,0,167,2697,15362,309,226,319,102,0,419,1606,743,1541,177,344,13744,6363,455,251,142,759,0,0,0,0,0,0,647,57,611,2,288,6,0,453,38,16301,4,282,9,0,29434,716,68246,2537,0,37,0,14575,447,8717,2214,0,26,0,1496,13,3393,186,0,0,0,67,10,1859,90,0,0,0,51689,1592,16335,18085,8404,0,0,0,0,137,0,2,0,60,7,155,709,13,0,21,9,317,4,119,36,3,44,298,6,1,136,130,40,20,24,77,29,26,33,1,21,328,239,459,219,8,64,45,131,48,0,346,19,5413,1786,8347,19,5413,1786,8347,313,42,224,0,0,0,0,0,0,0,0,0,0,0
eCourt3,.txt,538,15367,1348,17431,34734,3668,58271,5959,25112,0,561,12749,53342,3075,31369,1588,2328,5632,23969,2038,1516,25377,4510,148,0,431,6317,31517,1155,98,453,135,0,1815,5694,1106,3315,535,576,29186,13592,802,585,352,1416,0,0,0,0,0,0,1319,332,1595,67,920,18,17,864,209,5686,48,530,27,10,16269,3029,70984,4813,20,33,0,11173,2110,19822,4233,24,28,0,1249,32,12194,164,2,0,0,197,27,4031,96,2,0,0,102110,1350,33688,41301,17144,0,0,0,0,194,1642,14,12,61,6,1316,881,95,0,30,57,379,13,211,65,30,135,519,125,49,962,692,390,190,28,350,180,129,215,114,119,404,209,578,368,7,77,47,162,91,2,1130,57,6188,2337,5953,57,6188,2337,5953,839,316,294,0,0,0,0,0,0,0,0,0,0,0
eCourt4,.txt,658,7844,1321,17409,34844,3646,58367,5930,25183,0,562,12764,60992,3079,31344,1556,2320,5607,23916,2045,1507,25316,4521,148,0,431,6290,31449,1136,95,458,135,0,1803,5694,1203,3330,538,579,29459,13492,799,583,351,1413,0,0,0,0,0,0,1319,332,1590,67,920,18,17,864,209,5713,48,530,27,10,16255,3007,70884,4948,20,33,0,11149,2098,19748,4373,24,28,0,1334,32,12231,181,2,0,0,200,27,4090,105,2,0,0,102135,1357,33634,41448,17105,0,0,0,0,194,1642,13,12,61,6,1312,879,94,0,30,57,380,13,211,64,29,135,519,125,49,960,686,390,189,28,349,179,126,214,114,116,407,209,579,369,7,77,47,161,89,2,1111,57,6175,2338,5951,57,6175,2338,5951,840,316,293,0,0,0,0,0,0,0,0,0,0,0
eCourt5,.txt,519,9502,349,10154,27664,2194,52965,5433,23353,0,509,15051,42101,1343,23139,483,856,1918,7752,1196,1296,15725,2656,0,0,201,5153,24274,677,575,298,116,0,653,1922,669,2140,179,339,18319,7775,439,305,229,982,0,0,0,0,0,0,413,36,776,8,347,14,0,591,26,3993,9,335,10,0,31027,1531,75876,3110,35,36,6,16238,866,13429,2837,11,28,3,1420,23,7226,200,0,1,0,82,16,3293,97,0,1,0,83777,1711,27465,35503,15250,0,0,0,0,131,0,2,0,56,1,229,737,44,0,24,25,330,4,100,46,7,33,314,7,2,119,173,57,31,23,82,29,47,48,5,45,278,239,403,224,15,40,27,61,40,4,527,42,5426,1780,8341,42,5426,1780,8341,323,64,224,0,0,0,0,0,0,0,0,0,0,0
eCourt6,.txt,100,2972,169,3546,7857,273,9711,674,6914,0,95,3121,10147,281,3085,168,128,287,1997,271,178,3221,575,1,0,140,632,5085,133,66,195,63,0,90,707,387,596,62,153,5301,2071,209,112,91,359,0,0,0,0,0,0,268,4,127,2,4,5,1,326,4,442,2,1,9,0,3386,160,12776,1071,0,29,0,1739,109,3031,982,0,21,0,936,2,1747,145,0,0,0,24,1,806,50,0,0,0,18843,560,6570,5886,2656,0,0,0,0,60,0,1,0,32,1,127,511,19,0,16,1,242,2,55,17,0,21,1,3,0,66,50,7,6,3,30,10,1,4,0,7,182,167,365,157,4,26,9,35,24,0,115,6,370,117,27,6,370,117,27,69,19,37,0,0,0,0,0,0,0,0,0,0,0
eCourt7,.txt,208,4311,215,5924,12290,690,21844,2386,11411,0,168,6032,18978,630,10020,228,563,1288,3644,571,791,7021,1267,0,0,235,2012,10336,228,196,201,61,0,258,1012,455,1122,96,198,8824,3899,281,158,115,532,0,0,0,0,0,0,285,15,534,3,279,9,0,371,10,1692,2,277,10,0,26793,517,54575,1621,0,35,0,13421,308,5736,1408,0,26,0,1060,9,3243,161,0,0,0,53,5,1832,50,0,0,0,35275,828,12730,13575,6541,0,0,0,0,63,0,2,0,32,1,104,494,22,0,18,14,247,3,53,11,4,21,296,6,2,58,92,27,5,18,54,21,13,18,8,21,180,170,301,158,4,28,14,36,21,0,238,12,5276,1684,8335,12,5276,1684,8335,328,36,223,0,0,0,0,0,0,0,0,0,0,0
eCourt8,.txt,177,4855,146,6000,11994,509,18751,1765,7805,0,135,4569,22034,539,8666,300,384,847,3103,448,1008,7487,2080,8,0,528,2281,10637,293,89,173,86,0,180,1238,1020,1813,295,377,7283,3873,365,262,108,475,0,0,0,0,0,0,1026,55,861,9,215,33,0,803,27,2731,17,107,28,0,3967,238,15234,1073,4,29,16,1814,138,4306,970,1,16,4,1181,4,3553,145,0,4,0,110,16,1344,81,0,1,0,29336,459,12068,10682,4758,0,0,0,0,46,0,3,0,15,4,177,596,11,0,12,1,255,2,40,4,0,18,138,129,5,130,45,35,7,6,106,39,40,57,24,26,311,250,377,221,4,46,37,96,39,0,478,131,562,263,114,131,562,263,114,267,82,69,0,0,0,0,0,0,0,0,0,0,0
Epariksha1,.txt,245,18708,1930,24139,49716,4333,72498,3880,31860,0,774,20428,69670,2993,37932,2021,1377,3186,26046,4497,1979,29821,4865,171,0,1029,7839,40131,421,60,726,600,0,1255,8559,1051,3716,681,742,38078,20538,1190,867,437,1872,0,0,0,0,0,0,1846,307,2244,43,244,71,8,1818,139,5078,33,187,82,5,21727,3279,80851,6684,8,25,7,11890,1365,24622,4729,7,26,3,2144,403,18161,235,2,5,0,172,107,6376,142,2,0,0,119229,2227,44236,61305,27124,0,0,0,0,305,54,10,10,193,48,920,2111,201,0,38,51,577,10,544,118,27,312,200,72,24,433,395,80,99,19,224,86,73,100,201,102,1089,951,1405,858,19,259,255,615,237,13,2000,88,4330,2198,1396,88,4330,2198,1396,457,346,106,0,0,0,0,0,0,0,0,0,0,0
Epariksha2,.txt,149,1994,117,2681,12125,476,15010,571,6891,0,233,6823,17363,326,8264,244,142,332,5198,699,1574,5318,882,0,0,193,1540,7784,211,8,286,107,0,107,1581,1021,1638,273,283,8746,3550,516,256,122,571,0,0,0,0,0,0,734,255,720,114,120,122,115,369,39,1027,22,10,24,9,5110,178,15075,1254,1,57,1,3342,126,3508,1255,0,34,0,1764,23,2082,131,0,11,0,31,11,845,46,0,0,0,25583,751,8804,12802,5865,0,0,0,0,97,0,6,0,29,5,72,500,72,0,10,8,246,1,93,9,1,61,17,9,16,69,31,6,3,2,7,9,6,4,0,6,249,176,321,177,8,103,42,119,77,0,140,17,739,136,122,17,739,136,122,72,26,12,0,0,0,0,0,0,0,0,0,0,0
Epariksha3,.txt,640,20540,5528,61305,123858,14979,254345,9522,95244,0,4988,112462,217216,8630,105683,5824,2479,5547,53120,9541,8400,79863,13841,481,0,3149,20569,89455,945,121,1244,892,0,4485,20354,4152,9821,1978,1803,89098,52262,2975,2378,1084,3861,0,0,0,0,0,0,4742,1864,7631,230,2482,606,229,5524,705,20442,130,1084,521,73,37683,6739,163554,10829,147,171,62,23430,3863,62722,8296,210,80,7,7280,643,48244,535,0,16,18,1014,526,18819,245,0,0,13,316609,4546,140052,180535,92332,0,0,0,0,508,213,73,28,349,66,2917,2846,290,0,108,197,789,37,724,156,65,505,1318,377,220,2555,1501,1020,329,129,780,408,315,595,469,288,1577,1366,2202,1292,29,383,338,816,391,12,5503,411,17373,6469,3962,411,17373,6469,3962,1716,1551,578,0,0,0,0,0,0,0,0,0,0,0
Epariksha4,.txt,156,5576,174,9984,14362,502,16981,1104,11027,0,136,4624,19006,546,6375,184,252,543,3493,579,594,6524,910,0,0,179,2075,10012,192,104,361,121,0,184,1887,694,1452,164,361,9695,4863,456,288,141,712,0,0,0,0,0,0,659,23,462,9,45,15,0,457,19,644,25,31,15,0,7814,320,24805,1935,0,36,0,4305,231,5430,1708,0,24,0,1568,6,2570,174,0,0,0,30,4,937,65,0,0,0,35259,962,11851,7772,5319,0,0,0,0,159,0,1,0,65,5,107,855,23,0,20,1,341,3,110,45,0,35,37,7,0,65,59,8,6,3,54,17,5,17,0,11,388,284,454,257,8,63,43,128,49,0,197,15,529,225,57,15,529,225,57,113,43,24,0,0,0,0,0,0,0,0,0,0,0
Epds1,.txt,586,27451,2636,41254,112539,10865,208521,11151,87427,0,2069,67466,150077,6866,88541,5533,2940,6691,37389,6243,4873,64140,12694,824,0,2815,15485,69650,932,137,1246,665,0,3140,14107,2340,7737,1452,1732,85159,37281,2220,1642,768,3471,0,0,0,0,0,0,3729,1338,4672,134,1475,422,17,6377,450,23216,115,959,363,5,30423,5192,173320,10575,133,109,64,18476,3301,56115,9312,74,66,18,9456,137,42294,611,2,9,7,495,148,17564,276,2,5,7,318490,5889,120618,131482,60665,0,0,0,0,436,138,55,13,194,49,2741,3494,551,0,89,110,1241,15,1327,510,29,808,2161,295,169,1616,1201,449,229,90,1043,751,263,403,216,454,1945,1907,2075,1450,35,620,493,885,392,19,3404,491,6448,2086,1656,491,6448,2086,1656,1315,586,632,0,0,0,0,0,0,0,0,0,0,0
Epds2,.txt,690,5004,1409,16508,51324,5663,104638,7110,43101,0,1392,41466,76499,10431,45277,1791,2041,4677,17959,4133,5673,40582,6235,14,0,423,10587,28373,1559,48,280,102,0,1529,4840,1542,4728,523,1085,35336,17382,896,709,412,1832,0,0,0,0,0,0,4532,420,2716,48,2241,327,53,2233,181,7534,27,1423,278,13,37118,3251,117457,4358,157,91,16,18732,1722,26655,3750,65,55,15,2620,52,19485,296,0,0,0,62,44,6863,105,0,0,0,140509,2951,67249,63006,30223,0,0,0,0,102,0,18,0,23,10,822,532,146,0,33,124,263,8,111,79,35,45,1065,131,21,723,399,209,69,39,292,125,272,198,166,189,244,185,374,205,16,3997,3303,5213,1051,7,1335,153,8382,2762,10907,153,8382,2762,10907,1338,891,770,0,0,0,0,0,0,0,0,0,0,0
Epds3,.txt,44,3630,87,2075,14346,440,13831,765,12929,0,104,5235,17792,375,6852,1536,198,455,3116,598,380,5692,1821,20,0,261,1401,7540,37,4,387,105,0,134,2390,1233,1258,179,283,10544,4557,423,225,94,625,0,0,0,0,0,0,621,25,418,2,5,6,0,627,21,1449,5,1,10,0,6361,125,22072,1841,0,26,0,3294,120,5431,1666,0,33,0,2457,4,1535,220,0,0,0,27,2,826,91,0,0,0,36069,1130,12444,8055,3362,0,0,0,0,156,27,1,4,89,3,66,875,14,0,16,1,341,4,118,30,0,68,3,4,0,37,29,5,4,1,45,12,3,12,0,3,451,332,471,276,7,60,41,117,42,0,143,22,494,225,112,22,494,225,112,88,43,9,0,0,0,0,0,0,0,0,0,0,0
Epds4,.txt,4,3,2,97,534,13,1103,82,601,0,6,236,694,10,865,11,22,50,93,3,5,394,36,5,0,0,42,325,8,0,0,0,0,3,28,43,13,0,8,473,154,1,2,2,15,0,0,0,0,0,0,0,0,9,0,0,0,0,8,0,47,0,0,0,0,34,4,1131,47,0,0,0,42,4,364,70,0,0,0,49,0,128,6,0,0,0,7,0,22,4,0,0,0,2043,36,658,498,337,0,0,0,0,0,0,0,0,0,0,8,1,0,0,0,0,1,0,0,0,0,0,0,0,0,1,2,0,0,0,0,0,0,0,0,0,0,0,0,0,0,0,0,0,0,0,1,0,8,3,3,0,8,3,3,0,0,0,0,0,0,0,0,0,0,0,0,0,0
Epds5,.txt,922,198701,17165,1101411,61076,4460,144562,13240,46824,0,877,27883,154186,4628,58596,2165,2921,6232,26492,5292,3754,42615,8618,4,0,473,11150,63143,1528,429,633,231,0,1390,8763,2589,5123,818,1391,40271,19171,1519,1403,445,2114,0,0,0,0,0,0,2534,236,3798,74,1390,343,75,2731,130,12951,64,964,258,41,67801,2369,167116,6522,26,157,0,36388,1839,38072,6388,39,98,2,4869,46,34653,426,33,18,0,665,62,11928,322,8,0,0,157510,3472,68044,81421,28466,0,0,0,0,293,0,20,0,117,30,1564,1601,198,0,44,44,597,2,339,102,24,165,978,224,112,686,611,228,155,66,370,181,117,220,105,82,669,485,839,569,12,149,105,308,157,3,1433,164,12162,4379,16902,164,12162,4379,16902,1258,412,684,0,0,0,0,0,0,0,0,0,0,0
Epds6,.txt,297,6480,850,12490,51109,4854,73823,3921,34908,0,1485,26534,68178,2932,30395,1751,1231,2810,19702,2665,4161,25247,4350,156,0,1003,7151,31119,297,62,1133,496,0,1384,5733,2473,5103,1073,811,31204,14740,1592,1195,503,2103,0,0,0,0,0,0,2586,864,2963,243,612,298,250,2201,237,3998,62,250,117,20,19802,1681,67104,4579,26,55,30,12781,1092,18285,4520,15,44,18,5218,51,9971,363,2,11,0,132,30,4781,150,2,0,0,121033,2506,44291,54229,24550,0,0,0,0,274,48,25,7,256,40,1110,2185,218,0,48,50,782,10,933,112,28,572,343,71,68,528,412,56,69,14,244,87,90,88,37,126,1701,1371,1987,1218,41,381,313,602,236,26,847,98,2249,757,802,98,2249,757,802,460,212,129,0,0,0,0,0,0,0,0,0,0,0
Fake_Digi1,.txt,143,6629,499,5734,26633,1992,41513,2826,17473,0,476,12253,34225,1443,16777,1230,875,2015,7447,1441,1473,15471,2941,140,0,492,4439,16817,198,32,332,209,0,819,3132,1263,2686,474,513,17960,8786,710,438,225,1069,0,0,0,0,0,0,1525,459,1227,11,354,118,1,1626,133,3775,10,213,30,2,8430,916,36639,2638,10,24,2,4481,610,11569,2103,6,28,4,2679,20,7197,201,0,0,0,44,15,2567,103,0,0,0,72664,1201,25717,21350,12443,0,0,0,0,164,41,5,6,69,4,742,1148,59,0,30,28,342,2,152,68,4,59,283,65,20,528,259,250,51,7,142,67,26,99,54,28,509,566,513,490,3,57,29,106,58,0,750,114,1415,550,299,114,1415,550,299,401,141,143,0,0,0,0,0,0,0,0,0,0,0
Fake_Digi2,.txt,265,5177,888,10842,42593,3770,75919,4141,37364,0,833,25108,65610,2302,33947,3136,1234,2884,17050,2975,1671,27801,4840,134,0,771,6771,26200,286,53,614,261,0,1193,5507,1785,3514,611,667,29848,13603,1025,672,329,1425,0,0,0,0,0,0,1665,327,2424,47,513,99,3,3172,141,7561,27,319,62,2,15499,1642,62983,4831,60,24,2,9074,1017,20177,4528,117,35,4,3925,49,15385,352,2,0,0,100,47,8146,150,2,0,0,117216,2237,48179,50570,21302,0,0,0,0,283,62,15,10,116,13,1185,1570,169,0,30,28,518,6,405,107,28,218,296,59,17,488,315,86,54,10,245,93,126,115,115,100,856,654,872,637,23,194,200,353,135,12,974,65,2273,1024,965,65,2273,1024,965,891,185,264,0,0,0,0,0,0,0,0,0,0,0
Fake_Digi3,.txt,701,38291,4793,58873,134262,13270,265650,12410,111874,0,2917,91421,223351,8995,117087,7941,3107,7044,50819,10076,11871,105959,19577,497,0,3016,24763,79796,907,89,825,619,0,3401,15136,3012,11865,2499,2190,90700,35974,2917,1649,861,3469,0,0,0,0,0,0,19156,4775,9056,150,5638,730,674,12009,2225,21997,13046,6254,546,269,34128,5515,173162,10341,283,107,175,19532,3175,67890,8920,218,67,142,9597,243,49728,523,18,157,81,4067,535,27382,278,12,88,25,344305,4412,177150,184621,85487,0,0,0,0,934,690,60,57,189,42,7451,2606,353,0,75,89,741,17,445,220,55,237,4481,8668,1054,6668,1883,2091,218,90,5651,753,3269,1662,1240,3337,1126,930,1573,1044,13,208,134,476,282,13,6691,4650,15333,5556,16799,4650,15333,5556,16799,5114,2022,3170,0,0,0,0,0,0,0,0,0,0,0
Fake_Digi4,.txt,102,6143,164,3498,22018,885,22731,930,15102,0,177,6982,24607,637,6530,530,195,459,4611,911,484,7887,2167,40,0,893,1505,11797,71,24,536,212,0,177,2971,970,1735,216,431,14702,5893,495,350,180,829,0,0,0,0,0,0,930,26,794,16,8,26,0,1115,14,1132,20,4,2,0,10925,440,31664,2747,0,31,0,6300,371,8049,2611,0,34,0,3428,13,3253,273,0,0,0,88,8,1744,96,0,0,0,53418,1808,16699,12303,5891,0,0,0,0,247,23,1,4,137,17,162,1665,59,0,20,5,609,10,240,82,1,150,22,8,1,86,79,7,10,0,31,20,5,20,0,13,700,589,783,502,13,109,97,240,42,0,302,32,545,264,193,32,545,264,193,81,44,14,0,0,0,0,0,0,0,0,0,0,0
Fake_Digi5,.txt,391,9212,1549,16200,49702,5062,76363,5354,40249,0,1398,24006,72637,3752,31307,1929,2026,4891,15884,2520,2229,27917,5547,195,0,991,7336,32104,374,97,1026,364,0,2053,6746,2502,4574,684,800,33364,15987,1117,895,502,1962,0,0,0,0,0,0,2157,605,2633,116,952,81,17,2464,296,6457,87,513,47,10,23603,3158,79030,6170,10,27,1,15747,2235,26685,5884,19,36,2,5574,52,11525,315,2,0,0,258,35,5420,153,2,0,0,129752,2472,49557,49547,22781,0,0,0,0,261,1656,15,10,188,36,1481,2246,145,0,54,64,785,13,691,96,35,342,472,61,61,859,714,186,149,30,270,167,111,196,73,95,1221,1059,1341,1044,27,272,286,561,146,15,1166,94,6407,2469,5842,94,6407,2469,5842,907,334,283,0,0,0,0,0,0,0,0,0,0,0
Fake_Pan1,.txt,74,5380,91,3529,13591,477,13825,1167,7976,0,39,3376,19007,451,6288,716,199,479,3541,826,519,6651,1646,69,0,431,1495,11205,77,10,343,120,0,160,2398,508,1500,276,282,11637,4601,397,261,118,664,0,0,0,0,0,0,827,6,654,17,77,20,0,630,7,1865,22,15,12,0,6767,185,15609,1818,0,29,8,4086,130,4748,1655,0,24,4,386,17,3121,95,0,1,0,41,16,1150,63,0,1,0,32767,1092,9028,10306,3302,0,0,0,0,180,16,3,4,59,2,103,665,27,0,11,6,275,7,176,33,0,115,18,39,5,56,61,13,27,1,61,23,2,18,16,2,348,187,437,253,9,70,36,124,57,0,325,65,508,226,135,65,508,226,135,128,38,12,0,0,0,0,0,0,0,0,0,0,0
Fake_Pan2,.txt,509,10107,1482,19726,61601,5996,115455,8421,49577,0,1856,39852,107113,3969,59872,2053,2224,5357,28179,5902,4872,45145,9474,0,0,689,11831,46336,602,68,756,238,0,1968,10447,3007,6218,1600,1226,42814,19804,2194,1740,586,2391,0,0,0,0,0,0,2508,674,4180,252,1250,525,262,2374,198,16130,75,708,153,56,23240,2957,85383,6098,18,154,11,16479,2091,35243,5603,26,108,6,4765,84,43462,403,44,28,0,335,56,13083,238,2,0,0,160913,3549,69851,91350,31549,0,0,0,0,329,0,46,0,141,32,1623,1602,177,0,34,80,585,10,304,86,42,184,734,232,156,869,634,236,187,64,442,191,170,208,127,121,694,520,843,566,17,215,121,289,172,6,1475,139,7900,2687,7735,139,7900,2687,7735,1094,522,433,0,0,0,0,0,0,0,0,0,0,0
Fake_Pan3,.txt,259,20412,1444,20598,49403,3919,71396,6419,35366,0,828,16035,70917,3682,37502,2520,2302,5446,19476,2859,2464,35135,7129,289,0,1831,10030,42606,352,87,993,530,0,2076,7937,1400,4995,842,1057,44050,17606,1281,1099,629,2275,0,0,0,0,0,0,2600,495,2916,82,1085,99,18,2427,223,8548,86,581,61,12,23971,3319,94831,6675,18,55,13,15106,2188,30533,6136,22,42,6,5246,54,20832,346,2,4,0,278,44,7237,159,2,1,0,137744,2223,48189,44236,22616,0,0,0,0,275,1644,15,8,159,29,1580,2492,123,0,50,69,832,25,618,116,31,394,579,274,61,887,770,230,185,34,339,196,99,219,79,112,1275,1167,1553,1147,17,232,235,514,164,13,1600,268,6475,2386,6092,268,6475,2386,6092,966,428,263,0,0,0,0,0,0,0,0,0,0,0
Fake_Pan4,.txt,178,4260,443,9948,32777,2203,39957,1782,20689,0,825,17106,43759,1310,16031,736,336,789,14283,2053,2780,14478,2811,44,0,595,3974,21460,174,43,837,327,0,435,4873,1900,3344,551,506,21755,9232,1084,731,327,1324,0,0,0,0,0,0,1850,669,1915,169,216,151,168,1633,197,2299,51,92,29,13,15819,816,41605,2935,8,43,12,10592,501,12351,3057,3,35,8,4710,56,6391,245,1,11,0,118,31,2167,120,1,0,0,69193,2079,25942,33547,13539,0,0,0,0,256,0,15,0,162,33,353,1789,150,0,24,30,645,7,746,74,11,421,117,18,51,200,146,24,19,13,144,29,53,32,28,44,1176,940,1471,931,23,318,294,555,200,17,392,66,1728,588,381,66,1728,588,381,180,104,51,0,0,0,0,0,0,0,0,0,0,0
Fake_Pan5,.txt,69,1524,58,1569,8432,209,9284,496,5836,0,49,3828,12934,221,2940,255,142,331,1962,454,361,3469,716,0,0,168,896,5340,54,4,238,79,0,54,1421,1054,896,94,190,6657,2669,214,144,74,426,0,0,0,0,0,0,481,25,545,5,5,6,0,403,21,683,13,1,10,0,4266,115,12812,1156,0,26,0,3098,117,3181,1207,0,33,0,1958,4,1808,137,0,0,0,26,1,639,51,0,0,0,22126,723,6372,4195,2034,0,0,0,0,79,0,1,0,26,2,41,410,11,0,7,1,198,0,49,7,0,27,2,4,0,55,18,2,2,1,6,9,1,4,0,1,205,142,255,149,8,54,35,109,41,0,110,10,354,130,82,10,354,130,82,64,20,4,0,0,0,0,0,0,0,0,0,0,0
Fake_Rto1,.txt,735,9944,2488,21113,62290,6953,110703,7667,52518,0,2051,31543,124329,6903,54630,2069,2758,6531,19043,2696,3644,41977,7167,146,0,1261,11049,40775,425,159,520,157,0,3727,8908,2908,6106,911,992,44257,20272,1479,952,572,2328,0,0,0,0,0,0,1816,915,5298,126,2270,90,34,1803,381,16366,88,1345,62,19,21944,5491,91837,7246,122,17,3,13761,3901,32969,6512,188,18,5,3828,39,21126,331,4,0,0,761,30,8788,196,1,0,0,157316,1894,69905,80769,34007,0,0,0,0,194,1663,38,11,57,5,2304,1442,182,0,61,143,648,20,289,124,71,175,1336,115,107,1585,1329,616,299,46,497,307,155,326,158,129,539,359,1074,662,5,121,78,290,215,0,2100,130,7509,2580,6577,130,7509,2580,6577,1144,504,375,0,0,0,0,0,0,0,0,0,0,0
Fake_Rto2,.txt,791,44851,5048,68255,142305,14347,274350,15738,120303,0,3225,97938,265237,12905,125635,7091,5355,12411,56683,10178,9373,111813,20208,538,0,5225,27833,95638,932,187,1185,826,0,5531,19944,4397,12554,2282,2062,102904,49665,3101,2039,1066,4686,0,0,0,0,0,0,12143,3927,11847,183,5296,261,261,10407,1728,33866,123,3308,163,118,43430,7636,199117,11675,315,37,19,27173,5966,75021,10359,509,44,15,7358,212,66529,601,6,4,0,1436,515,32778,371,3,1,12,371445,6032,186394,198790,79688,0,0,0,0,516,1821,70,78,290,45,6258,3012,351,0,62,143,1032,23,722,239,74,457,2883,303,170,5167,2024,2054,340,77,4252,1445,2272,1357,883,1951,1671,1380,2175,1342,30,246,164,599,318,8,7338,518,18091,6092,11321,518,18091,6092,11321,3861,1532,2147,0,0,0,0,0,0,0,0,0,0,0
Fake_Rto3,.txt,382,8902,1563,18749,38270,4065,53344,5210,26496,0,771,14797,63346,3282,30764,2521,2173,4960,17469,3360,1821,28536,4416,153,0,257,7922,33013,477,53,442,152,0,2125,5670,1442,4146,785,734,30250,14246,1029,678,368,1533,0,0,0,0,0,0,1880,310,1755,71,1146,71,21,1160,134,8291,55,657,66,14,16077,2938,65704,4993,19,29,0,9845,1973,21775,4360,33,27,0,1164,48,14936,260,2,0,0,190,36,5704,142,2,0,0,96090,1286,38709,40273,19020,0,0,0,0,182,1665,14,14,61,4,1861,909,59,0,29,52,354,10,172,58,24,94,783,170,58,979,691,229,162,34,400,193,140,228,128,136,435,323,448,386,9,48,40,115,53,2,1302,61,7274,2823,6013,61,7274,2823,6013,1156,367,516,0,0,0,0,0,0,0,0,0,0,0
Fake_Rto4,.txt,420,15895,1796,18970,59698,5633,101030,6528,47989,0,1586,29708,114926,4463,42949,2439,2322,5556,18742,2783,3275,37427,7370,280,0,1130,10231,37778,353,82,576,201,0,2681,7951,2311,6091,818,995,40180,17989,1313,877,506,2129,0,0,0,0,0,0,2013,753,5348,114,2232,86,26,2396,281,17180,81,1519,44,16,21670,4006,89355,6667,14,28,1,13879,2809,29852,6034,25,36,2,4688,49,21113,308,2,2,0,735,51,7920,173,2,0,0,149791,2250,63520,69269,30651,0,0,0,0,298,1649,28,12,91,6,1950,1604,150,0,39,85,725,16,256,103,38,149,1408,93,74,1354,916,492,217,35,410,245,137,276,131,113,657,396,818,547,12,99,56,200,120,3,1606,84,7347,2689,6720,84,7347,2689,6720,1110,478,384,0,0,0,0,0,0,0,0,0,0,0
Fake_Rto5,.txt,751,14848,2745,42304,101341,10215,184214,10537,82268,0,2370,59808,188189,6552,82238,4888,3953,9145,36515,5222,5458,67865,11853,455,0,2598,15736,64686,600,143,986,529,0,3819,12402,2702,8990,1448,1390,71148,31419,1991,1573,825,3392,0,0,0,0,0,0,3448,1525,7259,162,2785,121,37,3338,570,22518,111,1902,153,24,32155,5748,148981,10134,50,34,12,20033,3916,54564,8975,45,40,8,5267,105,34977,568,2,4,0,825,142,17116,415,2,1,0,263642,4455,114548,137960,53043,0,0,0,0,353,1693,40,44,158,13,3604,2493,266,0,60,141,987,26,665,189,63,395,1909,231,96,2040,1374,753,318,53,705,366,350,449,230,280,1235,1137,1677,1199,22,258,234,565,244,14,4476,193,12574,3532,7511,193,12574,3532,7511,1962,597,798,0,0,0,0,0,0,0,0,0,0,0
gstRateFinder1,.txt,218,7772,529,7523,17452,1426,27843,2920,12712,0,281,5645,24816,1276,12411,478,821,1840,4416,608,939,9476,1404,1,0,168,2222,15290,319,137,201,81,0,598,2357,610,1686,210,346,13038,6056,394,290,160,781,0,0,0,0,0,0,831,112,674,32,546,15,3,600,60,1271,41,355,6,2,30757,1179,68052,2514,4,16,0,15726,791,9222,2355,6,13,0,1278,31,4207,164,0,0,0,197,19,1809,100,0,0,0,44202,1140,16793,16940,8176,0,0,0,0,161,0,9,0,57,7,494,644,46,0,18,33,335,6,119,50,17,37,284,21,7,332,273,135,75,28,118,80,22,80,4,40,234,152,435,197,3,48,34,110,53,0,486,42,5421,1774,8340,42,5421,1774,8340,398,161,213,0,0,0,0,0,0,0,0,0,0,0
gstRateFinder10,.txt,177,6492,411,10954,16150,998,23274,1944,14320,0,260,7366,23536,1341,6831,582,652,1504,4554,804,759,9208,1301,0,0,231,3109,12777,205,121,335,112,0,833,2449,798,1774,209,420,11755,6104,484,396,206,833,0,0,0,0,0,0,754,33,760,12,105,76,1,572,25,1398,29,67,20,2,8687,619,31028,2620,4,36,1,4799,364,7956,2312,3,24,2,1635,28,3693,190,0,0,0,57,21,1479,75,0,0,0,42362,1026,16716,10735,6548,0,0,0,0,180,0,17,0,49,5,392,779,18,0,18,4,330,3,89,29,1,35,59,14,12,236,210,11,10,5,84,34,11,27,2,20,322,237,428,242,8,61,41,126,47,0,314,38,744,273,65,38,744,273,65,163,84,29,0,0,0,0,0,0,0,0,0,0,0
gstRateFinder11,.txt,305,8985,593,7711,20447,2287,38929,4126,15430,0,484,8486,30177,1768,18297,702,924,2083,5781,1074,1180,12301,1734,1,0,124,3466,19467,372,290,132,47,0,860,2413,672,1761,209,373,15923,7480,425,325,157,791,0,0,0,0,0,0,749,110,986,25,541,37,2,492,64,2400,21,344,14,2,29819,1548,70534,2631,4,17,0,15129,1017,10472,2402,8,15,0,1153,28,5317,201,0,0,0,193,21,2456,104,0,0,0,59834,1452,21211,23115,11514,0,0,0,0,100,0,12,0,37,7,512,455,89,0,26,53,246,9,101,72,20,35,351,35,8,380,335,131,84,30,127,80,29,86,4,40,153,87,361,146,2,61,39,121,68,1,554,42,5620,1822,8353,42,5620,1822,8353,376,95,271,0,0,0,0,0,0,0,0,0,0,0
gstRateFinder12,.txt,267,7425,268,11614,19463,1188,29709,2851,14950,0,227,7368,27579,914,12191,368,709,1601,4969,902,1094,9180,1375,0,0,193,2707,16235,329,239,356,120,0,378,2262,759,1849,178,366,13847,6479,467,259,156,856,0,0,0,0,0,0,800,42,760,10,286,27,0,611,33,1558,25,281,9,0,30903,676,69055,2553,0,43,0,15947,399,8621,2229,0,31,0,1652,12,4062,187,0,0,0,69,9,1940,88,0,0,0,52817,1449,16738,17230,7942,0,0,0,0,163,0,3,0,64,7,149,774,16,0,21,7,339,4,115,37,4,46,298,13,2,81,115,18,23,20,74,29,19,32,1,23,371,255,483,246,8,63,46,132,48,0,470,18,5415,1786,8352,18,5415,1786,8352,315,42,224,0,0,0,0,0,0,0,0,0,0,0
gstRateFinder13,.txt,401,4510,997,9019,30312,2612,40891,3582,23259,0,472,13311,40724,2141,19099,784,1280,2989,8363,1526,1637,13885,2600,208,0,379,4511,18565,623,47,460,130,0,872,3128,1627,2845,426,516,21458,9593,735,421,201,1121,0,0,0,0,0,0,1317,138,1112,40,583,59,7,1246,78,2468,28,381,26,4,32810,1424,67681,3525,7,47,0,16599,889,12412,3063,14,40,0,3068,23,6723,255,0,0,0,205,39,2802,132,0,0,0,72066,1992,26108,28291,13050,0,0,0,0,171,0,6,0,90,5,989,1006,21,0,19,15,408,5,150,32,10,88,517,37,22,413,321,100,64,22,211,86,48,106,40,42,498,370,557,339,7,68,45,136,53,0,657,53,6350,2180,8567,53,6350,2180,8567,617,88,401,0,0,0,0,0,0,0,0,0,0,0
gstRateFinder14,.txt,140,5047,143,8377,12205,335,12951,666,9090,0,94,3531,15979,407,4193,193,127,289,3005,457,342,4396,733,0,0,155,914,8527,171,96,330,107,0,115,1655,639,1261,138,291,8169,3532,402,202,117,589,0,0,0,0,0,0,598,23,349,9,1,8,0,438,19,549,25,1,9,0,6792,155,21181,1695,0,36,0,3875,114,4204,1541,0,24,0,1455,2,2086,161,0,0,0,27,1,773,60,0,0,0,29489,826,8680,6316,3157,0,0,0,0,158,0,1,0,47,5,58,697,8,0,18,1,314,3,85,23,0,33,1,3,0,25,27,1,4,3,44,9,5,9,0,1,308,223,403,213,8,61,41,123,43,0,163,13,466,196,43,13,466,196,43,92,31,7,0,0,0,0,0,0,0,0,0,0,0
gstRateFinder2,.txt,302,8012,320,13433,22975,1656,40061,3688,17770,0,302,9952,31977,1178,15521,619,912,2070,6361,1133,1091,12101,1751,0,0,205,3621,18956,369,247,380,141,0,511,2529,844,1967,223,419,16708,8007,512,333,200,918,0,0,0,0,0,0,917,62,820,12,349,35,1,687,41,1945,28,303,15,2,31773,880,75797,2880,2,37,0,16398,546,10819,2565,3,26,0,1668,22,5040,274,0,0,0,71,22,2311,137,0,0,0,63081,1752,21798,21632,11275,0,0,0,0,175,0,5,0,72,7,233,874,27,0,23,20,351,4,129,44,9,49,322,14,5,187,179,44,21,25,80,30,31,38,1,27,386,286,529,281,8,66,46,139,54,0,521,29,5492,1806,8365,29,5492,1806,8365,342,61,229,0,0,0,0,0,0,0,0,0,0,0
gstRateFinder3,.txt,185,5710,464,4602,12609,1009,19480,2265,9544,0,262,4310,18625,1026,8883,329,511,1148,2881,418,570,6771,1001,1,0,98,1896,11161,218,141,108,38,0,542,1671,449,1165,153,265,9483,4343,306,220,128,560,0,0,0,0,0,0,541,85,425,23,482,10,1,376,49,998,18,315,2,0,28217,1035,58085,1899,4,13,0,14188,688,6390,1724,6,12,0,997,28,2916,172,0,0,0,166,14,1186,77,0,0,0,34170,820,11948,11652,6337,0,0,0,0,91,0,8,0,34,5,403,430,31,0,18,24,237,5,85,39,15,23,322,19,4,247,238,97,66,23,89,70,12,68,4,32,128,80,334,138,2,41,28,93,47,0,355,29,5458,1706,8324,29,5458,1706,8324,329,73,269,0,0,0,0,0,0,0,0,0,0,0
gstRateFinder4,.txt,692,14263,1176,21242,41405,3997,79280,7619,32438,0,952,21343,63116,2954,34024,993,1359,3026,11983,1993,2352,24431,3862,1,0,308,7813,37329,954,810,362,139,0,1420,3743,1014,3388,329,575,28355,12745,693,487,316,1371,0,0,0,0,0,0,1154,147,1651,40,594,47,2,882,94,5200,32,360,16,2,35658,3150,97084,4059,47,37,6,18691,1766,19183,3679,22,26,3,2025,41,10343,339,0,0,0,239,32,4528,169,0,0,0,118775,2341,42078,51924,23970,0,0,0,0,134,0,17,0,48,8,633,880,133,0,39,75,420,12,168,110,32,59,353,43,12,490,461,158,108,36,140,80,80,85,4,85,374,266,711,290,17,109,68,214,99,5,1101,59,5865,1947,8384,59,5865,1947,8384,435,116,284,0,0,0,0,0,0,0,0,0,0,0
gstRateFinder5,.txt,240,8248,500,7216,18213,1323,28425,3001,13346,0,304,6203,25738,1233,12350,486,715,1581,4376,617,881,9317,1434,1,0,171,2452,15577,288,193,249,88,0,602,2459,608,1786,207,364,13346,6077,439,297,169,839,0,0,0,0,0,0,849,100,658,32,536,14,3,651,57,1324,41,354,6,2,31343,1163,67991,2540,4,16,0,16000,771,8930,2389,6,13,0,1473,28,4075,167,0,0,0,205,17,1746,97,0,0,0,48714,1234,16908,16190,8306,0,0,0,0,174,0,9,0,59,7,482,795,43,0,19,29,381,6,111,46,17,41,346,22,7,305,271,129,76,28,110,79,26,77,4,37,304,193,492,232,3,45,32,105,52,0,499,37,5654,1783,8340,37,5654,1783,8340,380,98,273,0,0,0,0,0,0,0,0,0,0,0
gstRateFinder6,.txt,205,5004,957,10276,31794,2871,49569,4047,24703,0,483,13701,45503,1877,21875,1160,1420,3329,9301,1633,1829,17565,3448,5,0,565,4674,19408,209,38,338,116,0,961,3649,1275,3120,516,504,22993,10369,706,430,228,1188,0,0,0,0,0,0,1500,125,1573,45,670,31,9,1376,68,4507,42,427,38,7,22452,1614,47225,3537,3,19,11,17570,1073,15139,3169,3,23,4,2600,35,8167,259,0,4,0,229,49,3334,137,0,1,0,82341,2180,30502,32470,16568,0,0,0,0,175,0,5,0,78,4,1096,1006,46,0,16,25,385,4,155,49,12,82,577,104,31,472,389,118,84,24,212,100,46,122,40,54,395,266,472,315,5,62,36,105,44,0,871,99,6375,2191,8553,99,6375,2191,8553,689,110,415,0,0,0,0,0,0,0,0,0,0,0
gstRateFinder7,.txt,173,5002,143,8409,12150,354,12931,659,8745,0,85,3469,16521,427,3942,258,124,283,2871,441,358,4350,999,0,0,301,928,8568,173,98,359,128,0,119,1677,585,1277,141,290,8161,3568,402,233,118,588,0,0,0,0,0,0,601,23,400,9,1,5,0,616,19,717,25,1,9,0,7002,167,21100,1698,0,36,0,3922,132,4131,1527,0,24,0,1451,4,2098,163,0,0,0,27,2,871,63,0,0,0,29673,854,8601,6065,2867,0,0,0,0,180,0,1,0,72,5,54,812,10,0,21,2,323,3,123,33,0,63,1,3,0,28,27,1,5,3,40,9,5,9,0,1,410,293,549,275,8,63,43,131,47,0,166,14,453,191,41,14,453,191,41,92,29,7,0,0,0,0,0,0,0,0,0,0,0
gstRateFinder8,.txt,143,3945,138,4747,9037,657,16944,2040,7238,0,82,3621,13596,419,7108,179,557,1295,2721,439,417,4908,645,0,0,69,1571,8513,151,127,101,41,0,152,1010,352,751,62,150,7823,3132,172,109,65,357,0,0,0,0,0,0,462,27,313,9,283,9,0,264,14,645,22,280,0,0,26084,368,53293,1471,0,16,0,13350,222,5082,1296,0,13,0,794,7,1885,104,0,0,0,36,6,884,52,0,0,0,27228,716,8408,10102,4970,0,0,0,0,59,0,1,0,16,7,78,208,18,0,8,7,105,1,68,5,3,35,295,3,0,89,65,34,3,19,34,23,21,21,1,21,143,61,156,79,2,38,34,86,20,0,148,10,5117,1629,8318,10,5117,1629,8318,269,25,217,0,0,0,0,0,0,0,0,0,0,0
gstRateFinder9,.txt,242,6059,265,8344,17257,1254,33545,3534,15196,0,243,8175,26039,1015,15769,491,789,1764,4982,781,1209,10868,1355,0,0,178,2921,14879,284,205,234,78,0,329,1524,671,1415,142,293,13041,5974,318,187,122,739,0,0,0,0,0,0,549,56,717,7,381,36,1,437,39,1652,11,365,15,0,28169,623,66481,2376,0,42,0,14236,387,9482,2259,1,29,0,1227,14,4797,187,0,1,0,92,12,2336,103,0,1,0,51447,1194,18622,19078,9140,0,0,0,0,67,0,3,0,26,7,216,542,45,0,21,15,264,4,103,35,6,47,318,14,3,121,136,67,21,26,84,27,43,39,13,35,219,175,371,184,8,64,44,160,66,0,499,31,5373,1729,8339,31,5373,1729,8339,323,65,237,0,0,0,0,0,0,0,0,0,0,0
IncomeTax1,.txt,337,7126,378,9646,20594,1281,34396,3281,15286,0,298,9311,31524,1203,12749,1084,740,1599,6081,1155,961,13046,1981,0,0,265,4695,17916,549,143,293,103,0,627,2348,1451,2069,322,486,13133,7369,529,407,181,783,0,0,0,0,0,0,905,53,760,11,176,102,2,825,33,3410,10,125,27,1,8556,758,31346,2415,12,41,7,4290,396,8269,2067,22,34,5,2303,19,6487,256,0,0,0,81,26,2989,124,0,0,0,52164,1099,22115,17720,8858,0,0,0,0,136,0,6,0,48,5,597,625,36,0,15,5,288,4,107,37,3,33,233,24,12,247,187,20,13,2,124,52,38,57,25,53,287,195,371,198,16,69,44,123,59,4,463,30,1105,489,287,30,1105,489,287,261,110,125,0,0,0,0,0,0,0,0,0,0,0
IncomeTax2,.txt,205,5004,957,10276,31794,2871,49569,4047,24703,0,483,13701,45503,1877,21875,1160,1420,3329,9301,1633,1829,17565,3448,5,0,565,4674,19408,209,38,338,116,0,961,3649,1275,3120,516,504,22993,10369,706,430,228,1188,0,0,0,0,0,0,1500,125,1573,45,670,31,9,1376,68,4507,42,427,38,7,22452,1614,47225,3537,3,19,11,17570,1073,15139,3169,3,23,4,2600,35,8167,259,0,4,0,229,49,3334,137,0,1,0,82341,2180,30502,32470,16568,0,0,0,0,175,0,5,0,78,4,1096,1006,46,0,16,25,385,4,155,49,12,82,577,104,31,472,389,118,84,24,212,100,46,122,40,54,395,266,472,315,5,62,36,105,44,0,871,99,6375,2191,8553,99,6375,2191,8553,689,110,415,0,0,0,0,0,0,0,0,0,0,0
IncomeTax3,.txt,276,10151,388,9986,19168,1300,28836,3107,15019,0,187,7555,30967,989,14661,1170,1314,2953,11261,1834,1117,14619,2534,119,0,453,3856,17537,522,27,300,91,0,563,2944,671,2025,392,379,16798,7518,538,349,153,861,0,0,0,0,0,0,1122,85,966,28,611,26,9,1225,40,3404,31,359,25,5,10361,852,35946,2751,7,18,11,16916,710,12292,2603,15,20,4,524,23,8075,144,0,1,0,169,18,2478,73,0,1,0,50544,986,19951,21026,9594,0,0,0,0,157,2757,2,7,51,3,513,661,24,0,11,18,278,1,103,30,11,55,398,60,26,270,245,94,63,20,137,70,31,86,41,26,267,173,265,207,6,17,8,45,22,0,534,84,5636,2040,5539,84,5636,2040,5539,539,97,288,0,0,0,0,0,0,0,0,0,0,0
IncomeTax4,.txt,758,33611,2668,35264,550763,11430,362462,15976,98099,0,3530,96532,460083,9092,110793,4700,3976,8988,47546,10748,24604,203012,72594,782,0,3660,28854,132788,1222,137,896,411,0,4087,17620,2987,12319,2491,2233,144569,39615,3375,2197,980,4596,0,0,0,0,0,0,11399,3681,8054,301,4218,633,12180,62459,1826,19551,142,2646,325,151,34507,4694,158606,9655,78,153,390,22137,3108,59306,8347,76,77,251,4181,281,58381,563,2,15,3,405,317,21626,312,2,1,2,590067,4150,265105,443683,82345,0,0,0,0,610,249,86,77,144,35,5642,2606,404,0,68,146,868,20,721,220,70,402,2302,385,158294,5605,1991,2107,204,89,3677,898,2477,1488,1037,2065,1459,1164,1735,1224,18,399,317,581,336,24,15916,12356,37727,28685,217474,12356,37727,28685,217474,5435,1334,2106,0,0,0,0,0,0,0,0,0,0,0
IncomeTax5,.txt,105,2352,171,3448,15237,1198,18319,891,8021,0,414,3830,22973,867,8012,512,308,715,5591,630,566,6917,1546,0,0,257,2295,11427,59,30,349,135,0,588,2725,861,1583,230,427,11510,4907,575,365,171,740,0,0,0,0,0,0,648,23,648,7,99,17,2,534,16,1812,6,58,5,3,6743,581,26536,2227,388,33,6,3628,267,7568,1844,213,25,5,1546,15,4482,147,249,0,0,65,9,1406,113,97,0,0,42315,965,9642,9135,6373,0,0,0,0,153,0,5,0,104,6,378,866,28,0,15,3,330,1,200,59,0,131,135,11,14,189,196,34,37,18,45,33,26,30,7,15,557,384,545,316,11,70,41,115,45,1,283,51,593,255,178,51,593,255,178,140,83,19,0,0,0,0,0,0,0,0,0,0,0
IncomeTax6,.txt,437,17207,1861,22202,58650,5974,109129,5144,40387,0,1502,40940,85812,3628,47047,3096,1906,4282,34843,4442,4830,35225,6767,136,0,1152,10827,39783,874,38,773,297,0,1589,8353,2548,5974,1323,844,41498,17938,1771,1123,489,2115,0,0,0,0,0,0,3105,845,3432,245,826,272,253,2751,220,14114,63,369,113,22,20519,1944,70098,5036,79,52,39,12885,1164,23996,4325,251,41,29,4669,61,21881,427,0,11,0,169,102,9916,235,0,0,0,130417,2635,60398,79080,33211,0,0,0,0,315,80,32,12,147,18,2353,1659,200,0,41,36,581,11,370,108,20,209,650,88,70,745,432,87,56,21,580,253,102,152,110,131,859,690,1048,732,18,234,190,374,153,13,1433,113,5602,1681,852,113,5602,1681,852,701,216,378,0,0,0,0,0,0,0,0,0,0,0
IncomeTax7,.txt,579,17210,3989,57306,76178,7933,122628,5837,52352,0,1407,42129,164844,7715,63868,3481,1811,4102,45257,8332,3434,55653,7192,277,0,1205,15082,70912,865,70,798,714,0,2101,16668,1926,5377,1060,939,60793,31892,1715,1233,606,2448,0,0,0,0,0,0,2660,384,2980,62,465,109,10,3791,217,14824,47,273,72,6,28213,5400,103910,8416,136,69,49,16992,2110,42678,6141,244,40,4,2916,672,50787,282,2,5,0,285,170,12813,139,2,0,0,177675,2163,81989,111533,52046,0,0,0,0,365,93,44,19,212,34,1904,3046,223,0,57,72,530,21,664,124,28,410,355,179,42,823,608,219,200,87,377,157,278,195,357,273,1161,985,1484,947,29,304,258,583,255,14,3305,179,14828,8563,1747,179,14828,8563,1747,1213,1058,271,0,0,0,0,0,0,0,0,0,0,0
irctc1,.txt,427,9457,556,10438,25985,1727,55834,4795,18436,0,394,14410,101801,1401,27682,268,616,1352,8707,2653,3218,24612,3177,14,0,129,6282,21921,526,436,199,98,0,442,2257,1704,1568,232,589,15971,6937,313,400,239,825,0,0,0,0,0,0,4473,268,1503,28,2039,106,31,9049,107,5159,41,20836,554,1537,31589,1489,70667,1864,217,22,42,16264,836,13291,1840,101,23,39,419,17,10891,190,0,0,0,202,12,3533,93,0,0,0,82067,787,38196,29569,13935,0,0,0,0,80,0,3,0,64,15,378,757,104,0,11,23,251,3,723,81,7,249,1052,122,42,246,120,41,14,17,121,97,125,110,118,89,492,542,450,388,10,201,149,215,136,4,852,168,7441,2434,10419,168,7441,2434,10419,1245,685,686,0,0,0,0,0,0,0,0,0,0,0
irctc10,.txt,496,12062,488,24844,26484,1972,72879,7420,20754,0,537,17314,57825,1965,38157,1081,826,1790,12409,3897,2588,25666,4374,2,0,58,9021,33220,633,429,167,74,0,807,5904,1532,2738,564,998,21450,11376,1149,999,302,1205,0,0,0,0,0,0,723,73,2576,15,631,533,56,625,44,8582,11,643,302,31,10778,1211,42982,2618,6,146,21,6377,655,17421,2057,6,80,8,580,32,22061,325,42,17,0,142,25,7330,184,17,0,0,96793,2031,36050,33625,14434,0,0,0,0,90,0,24,0,18,20,630,416,77,0,19,26,236,5,85,38,17,39,471,233,85,286,257,54,58,29,198,75,21,80,55,48,161,127,293,157,17,91,53,126,70,7,549,79,1764,874,311,79,1764,874,311,622,482,275,0,0,0,0,0,0,0,0,0,0,0
irctc11,.txt,223,5778,181,7761,17115,873,24408,1723,12233,0,190,6328,22175,689,10949,329,391,861,4356,731,991,8163,1300,0,0,187,2155,12992,261,216,278,85,0,260,1757,653,1517,184,349,11583,5414,433,231,127,727,0,0,0,0,0,0,548,31,687,2,32,56,0,458,28,2181,4,14,13,0,6762,524,26581,2090,0,42,0,3423,306,6481,1736,0,29,0,1268,5,3805,182,0,0,0,44,4,1842,67,0,0,0,43854,1042,14687,12820,6757,0,0,0,0,136,0,3,0,43,5,122,651,23,0,21,14,296,2,93,30,2,36,35,17,3,58,78,20,9,3,65,27,19,28,1,23,263,203,377,201,8,66,46,126,46,0,411,21,522,248,57,21,522,248,57,119,37,32,0,0,0,0,0,0,0,0,0,0,0
irctc12,.txt,354,7716,239,7729,23197,1437,53411,4730,18586,0,244,9324,36390,1118,26819,751,700,1561,6667,873,766,14321,4179,1,0,245,2903,20122,369,309,228,80,0,383,2126,569,1584,173,404,17589,7429,359,302,177,904,0,0,0,0,0,0,623,20,767,5,392,14,1,736,17,9537,8,359,12,1,29687,915,74245,2680,0,19,6,15107,584,12090,2730,0,18,3,3986,28,5674,345,0,4,0,175,25,2627,178,0,4,0,79388,1998,24515,29150,10705,0,0,0,0,118,0,2,0,59,7,242,868,91,0,29,24,316,4,123,86,3,44,349,12,3,125,146,41,36,19,54,27,17,32,12,21,331,317,366,312,11,63,57,139,78,4,349,40,5357,1740,8333,40,5357,1740,8333,325,55,279,0,0,0,0,0,0,0,0,0,0,0
irctc13,.txt,304,4499,758,9664,31836,2660,52205,4327,28352,0,573,17156,45391,1793,19985,1233,1677,3870,11428,1652,1482,17184,2935,0,0,410,5144,19962,314,22,558,185,0,898,3802,1759,2958,447,527,22343,10123,745,504,217,1175,0,0,0,0,0,0,1454,114,1235,33,631,30,9,1519,62,3899,29,372,25,5,34607,1415,72905,3806,9,32,6,18476,1066,16015,3524,17,35,3,3628,24,9712,325,0,0,0,223,41,3785,170,0,0,0,81264,1956,32235,35564,15278,0,0,0,0,199,0,5,0,125,5,1035,1217,27,0,19,19,441,4,165,38,14,95,493,33,23,398,312,92,64,22,208,94,56,121,40,40,589,414,639,429,9,67,46,137,57,0,570,51,6402,2340,8626,51,6402,2340,8626,633,100,381,0,0,0,0,0,0,0,0,0,0,0
irctc14,.txt,258,4614,578,8192,28523,1920,42670,3608,25356,0,412,15128,40841,1342,15431,1200,1598,3677,10229,1498,1399,15179,2605,0,0,396,4700,17769,268,20,565,182,0,668,3675,1773,2756,446,484,19623,8646,709,459,211,1113,0,0,0,0,0,0,1443,119,1162,34,653,13,10,1520,62,3303,29,380,24,7,34595,1056,68451,3488,11,31,0,18428,869,14727,3297,18,33,0,3505,25,8249,302,0,0,0,210,42,3267,152,0,0,0,69073,1693,28751,29245,13430,0,0,0,0,193,0,4,0,116,5,1020,1275,29,0,21,14,443,4,177,50,9,94,497,35,26,361,264,82,44,20,204,93,52,113,40,38,581,411,677,459,9,64,44,134,57,0,603,52,6394,2285,8573,52,6394,2285,8573,644,109,381,0,0,0,0,0,0,0,0,0,0,0
irctc15,.txt,598,11087,2399,19608,68054,5429,124212,6472,51425,0,1229,32685,140095,4607,53895,5472,1974,4594,20804,3459,7231,45002,9658,271,0,1849,13116,43998,477,57,587,231,0,2289,9246,2349,7899,1420,1521,47812,20858,1666,956,492,2325,0,0,0,0,0,0,8182,1766,7466,105,3334,368,172,4640,809,17855,92,2374,225,74,34859,3366,118187,7073,82,58,127,23788,2195,38728,5922,75,42,106,4921,82,29073,606,2,6,5,799,109,9315,301,2,1,2,197294,2948,70131,75689,30245,0,0,0,0,311,3129,30,15,86,5,3422,1807,138,0,29,54,784,11,216,102,33,115,2225,225,135,2331,1118,488,191,41,1742,341,1054,769,370,1017,710,555,1024,626,4,97,56,179,102,0,2319,449,10171,3522,9394,449,10171,3522,9394,2232,886,1527,0,0,0,0,0,0,0,0,0,0,0
irctc2,.txt,225,4989,248,7401,14679,1061,28469,3033,13361,0,200,7099,22758,832,12700,434,713,1640,4342,689,692,9179,1087,0,0,141,2528,12664,278,181,215,79,0,276,1312,630,1089,125,250,11231,4798,268,177,119,532,0,0,0,0,0,0,516,48,490,7,344,30,0,371,27,1362,11,325,9,0,27572,524,60868,2099,0,36,0,13950,324,8099,2049,1,24,0,1119,11,3981,195,0,1,0,51,9,1977,92,0,1,0,44027,1052,15906,16904,7684,0,0,0,0,67,0,3,0,23,7,168,501,25,0,18,13,251,3,95,26,4,48,300,12,2,117,114,54,15,25,68,26,35,38,5,29,213,169,353,163,8,61,42,142,53,0,198,32,5322,1705,8334,32,5322,1705,8334,306,46,222,0,0,0,0,0,0,0,0,0,0,0
irctc3,.txt,122,3080,119,2555,9994,619,32045,2551,8111,0,122,3722,16205,482,25360,462,498,1093,5026,439,484,7622,809,1,0,66,1452,9306,134,89,95,45,0,175,994,298,910,148,179,7938,3338,166,101,91,471,0,0,0,0,0,0,162,0,674,3,285,39,0,151,0,1524,2,277,14,0,25157,495,64944,1147,0,2,0,12559,343,6685,1225,0,0,0,1337,47,4290,136,0,0,0,62,20,1525,40,0,0,0,55630,658,11833,10982,5742,0,0,0,0,16,0,1,0,29,0,112,284,21,0,6,15,122,1,31,19,6,21,296,22,2,46,82,22,2,15,24,13,6,9,0,15,141,136,160,97,2,46,66,19,22,0,173,33,5063,1589,8312,33,5063,1589,8312,288,34,219,0,0,0,0,0,0,0,0,0,0,0
irctc4,.txt,1087,23507,1823,48198,74087,6291,158018,14957,62017,0,1453,35749,117876,5577,82434,2816,3509,7627,22685,4225,5566,55530,9238,8,0,843,15730,66913,1357,595,623,267,0,2640,10355,3585,6198,1107,1810,54927,31597,1516,1456,694,2951,0,0,0,0,0,0,2577,339,4750,161,1417,778,80,2551,299,11893,158,1619,320,76,48936,3807,170494,9106,55,148,935,26062,2372,41968,8453,41,49,528,4131,151,30731,1560,2,7,0,663,170,10477,969,2,0,0,232076,3641,90285,76098,45013,0,0,0,0,261,0,34,0,98,18,1772,1803,270,0,51,114,827,15,299,146,51,120,805,335,237,1002,947,308,274,62,334,151,52,164,94,85,575,441,1145,593,7,167,91,382,216,3,1495,194,7765,2597,8528,194,7765,2597,8528,959,551,399,0,0,0,0,0,0,0,0,0,0,0
irctc5,.txt,414,6388,428,8499,19118,1863,43217,4641,17182,0,469,12199,33515,1252,20325,414,753,1692,5832,947,1125,13374,2094,0,0,80,4703,18606,543,496,99,54,0,674,1447,312,1623,122,210,12573,5437,243,195,148,586,0,0,0,0,0,0,277,74,775,21,396,33,0,270,43,3699,23,334,12,0,28050,1662,62132,1974,35,7,6,14777,918,10243,1904,11,7,3,517,14,6109,132,0,1,0,137,12,2760,45,0,1,0,63530,949,22323,29167,12636,0,0,0,0,28,0,4,0,2,0,282,282,35,0,7,27,138,4,31,23,13,13,304,16,3,171,197,105,55,23,59,35,41,54,5,44,90,70,128,75,11,20,17,38,17,4,443,35,5198,1671,8335,35,5198,1671,8335,298,48,220,0,0,0,0,0,0,0,0,0,0,0
irctc6,.txt,445,8980,593,14668,29090,3519,57962,5112,22572,0,883,15151,43720,2003,23498,720,1124,2484,7782,1383,1833,17387,2501,0,0,309,6025,24598,468,414,366,142,0,1105,3027,937,2535,363,583,20458,10008,692,579,295,1264,0,0,0,0,0,0,974,84,1402,8,466,131,0,942,49,3988,8,434,27,0,33228,1528,83468,3290,15,62,7,16861,866,13995,2730,5,36,5,2037,30,7022,246,0,0,0,100,26,3088,96,0,0,0,89165,2129,30285,30398,15399,0,0,0,0,164,0,18,0,73,7,687,959,49,0,32,21,365,4,154,68,7,57,406,37,14,396,369,133,85,48,113,61,63,59,12,61,411,351,582,306,18,74,55,147,73,4,644,95,5728,1895,8427,95,5728,1895,8427,432,129,258,0,0,0,0,0,0,0,0,0,0,0
irctc7,.txt,487,12249,468,25946,31256,2435,68694,6553,25298,0,591,15672,51055,1591,35372,668,997,2191,8947,1200,1730,20712,2694,5,0,64,6298,26719,651,565,218,99,0,758,2675,626,2383,242,564,20902,10043,468,352,216,1186,0,0,0,0,0,0,678,52,1617,7,370,28,1,477,35,4428,4,338,22,0,31720,1670,87210,3605,35,26,6,16227,986,15047,3217,10,18,3,821,31,8450,224,2,0,0,141,15,3420,109,1,0,0,104560,1751,32993,38536,19130,0,0,0,0,70,0,2,0,32,0,311,729,53,0,21,39,414,5,76,44,11,24,336,16,2,175,217,74,57,25,74,30,33,36,1,46,303,184,584,216,15,53,34,89,68,4,645,42,5347,1746,8350,42,5347,1746,8350,321,58,271,0,0,0,0,0,0,0,0,0,0,0
irctc8,.txt,1081,23267,1802,47793,73158,6115,155310,14503,61081,0,1428,35345,116242,5486,80612,2715,3458,7525,22411,4165,5492,54575,9079,8,0,838,15527,65921,1342,593,623,267,0,2609,10270,3552,6092,1087,1784,54084,31202,1495,1445,686,2893,0,0,0,0,0,0,2569,339,4686,161,1399,775,80,2538,299,11612,158,1604,317,76,48752,3724,168704,9002,41,148,935,25942,2331,41352,8368,34,49,528,4068,144,29942,1497,0,7,0,642,163,10157,911,0,0,0,228191,3631,88836,74731,44598,0,0,0,0,261,0,33,0,98,18,1691,1796,269,0,51,105,825,15,295,144,51,120,777,333,230,947,927,306,260,62,333,151,52,164,94,85,575,441,1142,587,7,166,88,377,204,3,1473,191,7730,2583,8528,191,7730,2583,8528,950,541,396,0,0,0,0,0,0,0,0,0,0,0
irctc9,.txt,2,155,27,394,747,74,2640,86,840,0,45,354,1320,73,999,54,3,6,857,67,50,714,182,0,0,0,69,525,6,0,4,1,0,5,74,48,13,1,17,463,312,1,7,7,37,0,0,0,0,0,0,9,2,21,1,3,0,1,8,0,289,5,7,0,0,205,9,1251,32,0,0,0,118,7,412,51,0,0,0,36,16,514,34,0,0,0,44,7,139,44,0,0,0,3564,45,1033,990,308,0,0,0,0,0,0,0,0,0,0,12,45,21,0,0,1,10,0,10,14,0,1,7,1,0,4,6,2,0,2,0,0,0,0,0,0,5,5,19,15,0,17,2,31,18,0,6,3,12,9,5,3,12,9,5,3,5,5,0,0,0,0,0,0,0,0,0,0,0
MaDad1,.txt,0,0,0,0,0,0,0,0,0,0,0,0,0,0,0,0,0,0,0,0,0,0,0,0,0,0,0,0,0,0,0,0,0,0,0,0,0,0,0,0,0,0,0,0,0,0,0,0,0,0,0,0,0,0,0,0,0,0,0,0,0,0,0,0,0,0,0,0,0,0,0,0,0,0,0,0,0,0,0,0,0,0,0,0,0,0,0,0,0,0,0,0,0,0,0,0,0,0,0,0,0,0,0,0,0,0,0,0,0,0,0,0,0,0,0,0,0,0,0,0,0,0,0,0,0,0,0,0,0,0,0,0,0,0,0,0,0,0,0,0,0,0,0,0,0,0,0,0,0,0,0,0,0,0,0,0,0,0,0,0,0,0,0,0,0,0,0
MaDad2,.txt,293,2949,336,6201,22753,1442,37666,2569,20716,0,283,12172,33520,1016,17720,725,596,1356,7275,1096,1161,13766,2134,0,0,341,3089,14072,460,11,554,271,0,478,2706,952,2212,272,389,16064,7469,599,409,214,1039,0,0,0,0,0,0,855,42,1054,8,65,17,2,696,35,2486,14,43,20,1,10234,1108,43593,2615,0,39,6,5907,689,12882,2470,0,33,3,2205,17,5458,271,0,0,0,94,29,2192,130,0,0,0,70365,1841,23998,21397,8888,0,0,0,0,179,0,2,0,85,3,228,1170,37,0,21,11,428,3,143,49,1,60,93,12,3,171,157,18,23,6,103,42,28,54,8,32,610,616,658,485,20,69,49,137,63,4,414,28,747,311,213,28,747,311,213,154,59,60,0,0,0,0,0,0,0,0,0,0,0
MaDad3,.txt,107,1913,126,3228,19686,931,24656,1472,15072,0,241,9342,25878,560,9484,517,464,1079,4749,914,771,9569,1835,59,0,497,2405,10543,75,11,383,103,0,244,2261,1359,1703,229,328,13877,5830,488,261,130,719,0,0,0,0,0,0,689,45,795,6,66,30,1,774,38,1349,7,19,16,0,7264,348,27687,2237,0,26,6,3839,216,7600,2059,0,33,3,2978,23,3020,265,2,0,0,79,14,1649,102,2,0,0,50261,1429,18041,13778,6168,0,0,0,0,169,28,3,4,90,4,183,880,26,0,25,7,340,1,127,39,11,68,10,8,6,74,53,21,9,2,19,15,25,31,0,25,429,319,420,272,11,61,46,126,50,0,280,29,565,256,260,29,565,256,260,113,39,40,0,0,0,0,0,0,0,0,0,0,0
MaDad4,.txt,335,10171,714,16298,25247,2514,39181,3322,17440,0,369,9586,37099,1853,14374,910,912,1970,6588,1347,1558,13391,2474,0,0,470,4740,20277,478,181,479,169,0,889,3236,1496,2576,321,597,17290,8935,659,551,243,1092,0,0,0,0,0,0,1007,86,1197,14,235,84,1,1133,77,2520,29,156,25,2,11780,1193,43886,3122,13,39,19,6349,591,10828,2611,21,34,20,2732,20,5821,290,0,0,0,110,28,2419,163,0,0,0,66639,1778,23931,18494,9367,0,0,0,0,193,0,6,0,108,8,623,1316,48,0,36,15,405,10,183,62,15,84,190,23,22,345,253,49,36,9,178,74,53,102,36,45,571,403,648,385,7,71,56,164,55,0,654,49,982,476,99,49,982,476,99,257,108,101,0,0,0,0,0,0,0,0,0,0,0
MaDad5,.txt,196,4205,204,3138,15663,519,17729,1758,11970,0,147,6907,19226,467,7811,242,263,589,3831,643,552,6773,1152,0,0,210,2480,8595,379,9,336,114,0,193,1578,882,1424,169,289,10639,4608,441,254,132,630,0,0,0,0,0,0,591,27,446,2,16,6,0,466,22,1025,4,12,9,0,6643,368,24817,1946,0,44,6,3415,212,5683,1707,0,37,3,1828,6,2294,205,0,0,0,31,5,1108,69,0,0,0,42983,1084,12243,11811,5314,0,0,0,0,140,0,2,0,47,3,88,753,10,0,16,2,305,3,83,18,1,43,21,6,1,35,37,4,9,3,62,18,17,20,1,13,323,246,428,234,17,63,43,110,44,4,214,13,521,240,154,13,521,240,154,111,36,33,0,0,0,0,0,0,0,0,0,0,0
MaDad6,.txt,210,3254,361,6971,26782,1668,43229,2972,23443,0,348,14202,40211,1161,18251,1038,706,1621,8463,1322,1380,16361,2818,0,0,616,3781,16812,145,10,651,279,0,534,3287,1427,2542,315,467,19123,8668,658,471,250,1188,0,0,0,0,0,0,1023,61,1382,11,112,20,3,1015,52,3025,18,63,24,3,11542,1114,46597,2969,2,31,6,6848,738,15104,2874,1,33,3,2973,19,6004,303,0,0,0,93,31,2690,147,0,0,0,81123,2234,28812,23813,10390,0,0,0,0,201,0,2,0,124,4,310,1525,70,0,33,18,492,4,183,60,10,86,111,17,10,207,172,23,24,5,106,46,31,71,8,35,746,742,760,585,20,72,51,159,79,4,534,46,826,375,231,46,826,375,231,189,84,74,0,0,0,0,0,0,0,0,0,0,0
MaDad7,.txt,0,0,0,0,0,0,0,0,0,0,0,0,0,0,0,0,0,0,0,0,0,0,0,0,0,0,0,0,0,0,0,0,0,0,0,0,0,0,0,0,0,0,0,0,0,0,0,0,0,0,0,0,0,0,0,0,0,0,0,0,0,0,0,0,0,0,0,0,0,0,0,0,0,0,0,0,0,0,0,0,0,0,0,0,0,0,0,0,0,0,0,0,0,0,0,0,0,0,0,0,0,0,0,0,0,0,0,0,0,0,0,0,0,0,0,0,0,0,0,0,0,0,0,0,0,0,0,0,0,0,0,0,0,0,0,0,0,0,0,0,0,0,0,0,0,0,0,0,0,0,0,0,0,0,0,0,0,0,0,0,0,0,0,0,0,0,0
mygov1,.txt,314,2173,483,7733,28192,2549,51401,4613,23901,0,466,14143,40280,1586,27636,917,1447,3371,8358,1164,1799,19095,3560,1,0,275,4349,16839,601,28,262,169,0,703,2294,943,2098,290,566,21253,9557,476,436,249,1127,0,0,0,0,0,0,945,60,1322,277,546,17,4,1385,39,4089,20,696,12,9,31029,1550,85687,3431,429,19,50,15827,893,15259,3345,179,23,28,1891,56,11938,250,0,1,0,112,57,3974,184,0,1,0,85878,2223,30822,33992,12490,0,0,0,0,100,0,2,0,38,8,400,764,174,0,22,50,453,3,201,94,10,83,422,9,99,348,305,125,75,63,171,77,70,118,45,64,344,280,506,232,17,86,97,241,111,4,605,50,5294,1796,8553,50,5294,1796,8553,401,165,240,0,0,0,0,0,0,0,0,0,0,0
mygov2,.txt,198,3532,95,3170,10203,524,16131,1338,6665,0,131,4066,14684,346,6552,166,226,506,2193,381,232,4718,893,0,0,64,1587,7739,283,222,155,51,0,128,651,242,778,37,89,5612,2222,160,89,75,234,0,0,0,0,0,0,132,2,197,1,278,5,0,182,0,1210,0,266,0,0,25648,466,46231,1101,0,10,5,13031,255,3769,991,0,10,1,542,6,1977,97,0,0,0,14,5,1227,22,0,0,0,25858,567,7924,12992,4125,0,0,0,0,34,0,0,0,19,0,34,379,6,0,9,1,181,1,54,16,4,22,267,2,2,18,33,18,0,15,15,5,9,2,1,10,138,115,222,108,11,9,6,17,4,2,78,8,5102,1600,8309,8,5102,1600,8309,262,18,203,0,0,0,0,0,0,0,0,0,0,0
mygov3,.txt,405,6603,1362,18340,55279,5887,90806,5426,46636,0,1634,35948,81325,3612,39723,3261,1732,4020,25605,3477,4814,33565,5108,134,0,799,9358,34162,472,38,547,187,0,2063,6458,2626,5758,1285,873,39259,17923,1686,1031,409,1926,0,0,0,0,0,0,2507,598,2844,233,857,295,248,1912,118,8782,52,316,124,21,16466,2317,73265,5963,26,49,9,9621,1437,26402,5077,25,40,3,4165,97,15783,381,2,11,0,134,102,8139,206,2,0,0,129207,2582,58479,71448,33394,0,0,0,0,408,63,63,12,102,10,2301,1337,255,0,35,44,439,7,219,121,21,109,555,107,69,1002,478,111,76,29,348,111,166,161,63,144,541,411,616,434,15,181,75,197,107,7,1139,92,3772,1272,938,92,3772,1272,938,856,238,407,0,0,0,0,0,0,0,0,0,0,0
mygov4,.txt,189,10498,598,10948,43079,3039,62643,2503,27587,0,612,16087,50450,1971,22455,1514,720,1683,12317,1822,1238,19538,3884,415,0,990,4055,24422,201,44,1063,526,0,850,5637,1536,3284,414,631,25992,11879,860,778,424,1626,0,0,0,0,0,0,1675,228,1563,40,165,54,1,2103,87,3365,25,104,42,2,16086,1275,70157,4345,11,24,2,9937,804,17302,4402,8,35,1,4175,29,7640,235,2,0,0,90,23,3711,108,2,0,0,114090,2811,34891,40556,15447,0,0,0,0,263,29,7,6,282,27,683,2587,112,0,120,20,723,17,586,118,9,352,150,41,22,386,330,52,66,8,59,75,52,32,19,58,1553,1309,1577,1012,33,171,151,381,132,14,739,67,1238,570,482,67,1238,570,482,326,116,71,0,0,0,0,0,0,0,0,0,0,0
Original1,.txt,432,32748,4793,60424,107003,13543,166803,9172,77543,0,3913,68981,172773,7606,86966,3801,3008,6813,61040,6029,5878,61933,8679,251,0,1603,15900,67554,704,97,1288,1048,0,3391,13094,3428,8639,1444,1207,72127,34821,2412,1902,839,3225,0,0,0,0,0,0,3991,994,5344,284,1073,326,218,5159,387,15854,79,569,140,23,33051,5013,122653,8528,150,54,30,19583,3270,44735,7250,279,41,15,6864,495,44616,514,3,11,16,661,459,17541,254,3,0,12,234102,3526,104213,164920,62394,0,0,0,0,587,89,69,19,395,61,2573,3431,316,0,70,59,844,19,1051,155,38,598,722,126,95,1384,673,345,132,42,1222,712,196,294,202,186,2056,1951,2648,1627,37,441,374,850,335,18,2655,165,13895,5069,1518,165,13895,5069,1518,1583,981,418,0,0,0,0,0,0,0,0,0,0,0
Original2,.txt,802,34097,3716,71135,109608,8351,224992,9489,90115,0,2987,88395,166982,7476,113492,4213,2206,4987,64342,7342,11300,81609,13980,441,0,3221,31376,75573,651,73,1159,470,0,3393,14271,4504,11382,2618,2033,88657,40624,3306,1927,984,4073,0,0,0,0,0,0,11199,3712,8870,317,4241,837,528,7567,1751,13895,109,2672,334,129,37970,5393,186454,9414,189,179,93,21439,3069,62836,7375,98,126,65,5814,158,33811,460,11,22,0,205,82,12569,186,7,7,0,328710,4210,129781,168697,57922,0,0,0,0,560,241,86,72,243,45,4798,2483,423,0,58,124,812,10,736,164,33,432,2297,395,159,5275,1832,2058,196,130,3560,819,2218,1307,1041,2045,1684,1713,1726,1274,35,425,342,636,312,25,8655,652,15524,2735,4528,652,15524,2735,4528,2627,1284,1995,0,0,0,0,0,0,0,0,0,0,0
Original3,.txt,662,6259,849,13865,50140,2470,87694,3679,33341,0,711,22099,74782,1787,44893,1340,828,1883,15994,2487,2826,33099,7662,388,0,2784,6578,32824,220,52,876,366,0,762,7802,1480,4781,776,911,33788,16083,1135,893,471,2103,0,0,0,0,0,0,2034,424,3101,60,1083,327,39,2202,261,6226,47,839,186,11,16312,1372,77155,4367,41,87,64,11440,878,25363,4374,30,93,65,3417,27,14996,304,3,2,0,154,23,6464,175,12,0,0,169211,2968,46351,38150,21746,0,0,0,0,269,41,7,8,153,42,638,1662,204,0,26,60,603,6,407,95,10,330,618,245,70,288,274,33,44,8,148,51,12,62,88,27,1220,1243,1146,844,13,342,301,535,248,11,981,222,2456,783,403,222,2456,783,403,410,305,258,0,0,0,0,0,0,0,0,0,0,0
Original4,.txt,380,5115,997,10510,35915,3323,50568,3877,22068,0,499,13433,57372,2372,32952,1738,1181,2688,11943,2116,2346,22313,5117,667,0,831,6419,28301,472,75,482,196,0,1269,4561,1248,4318,749,776,25664,12285,1087,564,360,1543,0,0,0,0,0,0,2504,440,2172,38,916,122,28,1781,276,7352,27,510,55,9,12539,1753,49515,3688,17,29,5,7135,1089,14549,3529,10,28,7,2279,35,11466,217,0,0,1,119,25,5134,132,0,0,1,94662,1675,30642,32064,16897,0,0,0,0,200,58,10,15,68,27,1450,1343,211,0,36,88,490,2,293,153,32,110,648,230,100,689,387,86,56,18,288,136,115,191,67,82,544,455,592,424,15,227,176,531,174,18,985,216,2906,1346,694,216,2906,1346,694,1162,429,529,0,0,0,0,0,0,0,0,0,0,0
PMOIndia1,.txt,361,5126,258,7411,15729,1419,35969,4118,14208,0,343,10701,28115,811,17243,217,685,1546,4959,809,886,10786,1731,0,0,19,4214,15654,484,472,60,30,0,434,823,202,1291,82,145,10385,4218,198,120,103,435,0,0,0,0,0,0,158,25,558,2,281,7,0,123,15,3375,1,278,10,0,26268,1197,56166,1513,35,7,6,13704,647,8155,1272,10,7,3,294,9,4806,112,0,0,0,64,6,2250,25,0,0,0,53504,779,17606,25570,11134,0,0,0,0,7,0,2,0,1,0,106,159,21,0,4,18,72,2,17,7,7,5,298,6,2,70,89,30,9,16,34,20,27,22,1,36,73,43,72,46,10,14,15,10,13,4,353,11,5024,1622,8323,11,5024,1622,8323,268,17,218,0,0,0,0,0,0,0,0,0,0,0
PMOIndia2,.txt,260,6320,261,9264,18268,1243,30455,2883,14686,0,247,7409,25799,895,12818,446,716,1615,4891,851,1064,9039,1267,0,0,161,2609,14991,320,233,302,90,0,367,1763,679,1511,172,325,13023,5941,391,237,136,801,0,0,0,0,0,0,603,57,653,2,287,27,0,475,38,1492,4,281,9,0,29235,674,66836,2326,0,43,0,14566,390,8629,1961,0,31,0,1295,13,3404,189,0,0,0,79,10,1816,86,0,0,0,50795,1423,16961,18369,7885,0,0,0,0,132,0,3,0,60,7,158,686,16,0,21,7,312,3,114,35,4,46,298,13,2,124,119,39,21,24,67,29,32,33,1,26,327,242,450,215,7,63,46,132,48,0,430,15,5376,1768,8347,15,5376,1768,8347,303,38,224,0,0,0,0,0,0,0,0,0,0,0
PMOIndia3,.txt,67,1650,46,1431,4337,196,7963,632,3908,0,46,1908,6612,170,3357,208,184,410,1427,223,237,2867,309,0,0,45,674,3212,87,34,106,38,0,60,555,211,398,44,94,2656,1378,102,77,58,172,0,0,0,0,0,0,113,13,205,5,291,51,0,148,7,354,7,284,29,0,24000,65,40132,668,0,19,0,11997,56,2124,786,0,11,0,144,16,1494,95,0,0,0,20,17,579,30,0,0,0,13033,255,5003,3694,1467,0,0,0,0,32,0,2,0,9,0,51,305,26,0,5,4,190,3,14,16,3,11,281,11,1,27,36,10,1,2,10,1,14,15,1,7,95,90,174,82,1,0,2,27,5,0,44,7,5033,1593,8309,7,5033,1593,8309,268,20,228,0,0,0,0,0,0,0,0,0,0,0
PMOIndia4,.txt,190,2863,124,3943,8583,594,19023,2355,7907,0,176,4541,14356,533,10246,456,359,759,2603,420,320,6116,682,0,0,33,2074,7747,240,110,131,46,0,143,827,275,507,60,110,6126,2690,139,126,105,227,0,0,0,0,0,0,181,8,247,3,320,27,5,210,7,901,4,311,12,1,24904,351,46817,1029,0,19,6,12809,266,4469,1084,0,11,3,328,13,3275,169,0,0,0,38,13,1155,64,0,0,0,30559,468,9920,11588,4791,0,0,0,0,27,0,2,0,16,11,81,441,19,0,9,7,178,1,29,16,5,12,281,13,5,41,52,14,23,3,4,5,7,5,0,7,117,125,227,190,4,87,50,160,84,4,72,8,5054,1585,8309,8,5054,1585,8309,258,35,198,0,0,0,0,0,0,0,0,0,0,0
PMOIndia5,.txt,562,6102,1254,12308,40743,3631,66960,5580,40522,0,749,23041,57414,3624,27827,1582,2037,4731,14472,2187,2340,24028,4359,0,0,457,6997,25541,954,27,540,167,0,1777,4812,1907,3828,547,588,29357,13637,918,611,304,1410,0,0,0,0,0,0,1693,168,1792,54,790,36,10,1697,90,5655,46,440,35,7,36493,2367,91149,5457,21,33,3,19729,1787,23040,4593,36,35,4,3628,39,12026,320,0,0,0,293,65,4373,161,0,0,0,100988,2224,43911,47869,25609,0,0,0,0,310,0,37,0,97,5,1626,1216,36,0,24,35,444,5,171,50,17,91,622,52,32,764,502,122,81,30,271,120,87,158,48,62,557,405,637,429,9,66,46,147,64,0,901,59,7025,2546,8682,59,7025,2546,8682,797,162,464,0,0,0,0,0,0,0,0,0,0,0
PMOIndia6,.txt,1010,22499,5132,52649,151165,15731,292293,15233,130056,0,4682,91356,221156,11103,136493,6323,3653,8356,60593,7846,9840,91724,18295,1038,0,5426,22904,100623,919,266,1904,972,0,5469,19753,3789,12982,2660,2259,102694,51411,3432,2588,1406,6865,0,0,0,0,0,0,5268,1517,7249,406,2153,460,233,6714,806,19767,239,1429,279,41,48093,8867,227090,14062,153,127,200,41464,5585,77263,13011,108,76,115,9679,182,44823,868,15,13,1,841,129,19445,411,15,4,1,444812,6020,160219,197533,88218,0,0,0,0,555,3088,96,17,300,55,4268,4459,606,0,169,253,1398,36,1304,372,97,675,2018,401,263,3180,2084,1057,537,85,1014,543,275,541,502,402,2296,2387,2854,2360,39,603,514,1301,543,28,4503,530,14588,4140,7079,530,14588,4140,7079,1874,785,738,0,0,0,0,0,0,0,0,0,0,0
PMOIndia7,.txt,0,0,0,0,0,0,0,0,0,0,0,0,0,0,0,0,0,0,0,0,0,0,0,0,0,0,0,0,0,0,0,0,0,0,0,0,0,0,0,0,0,0,0,0,0,0,0,0,0,0,0,0,0,0,0,0,0,0,0,0,0,0,0,0,0,0,0,0,0,0,0,0,0,0,0,0,0,0,0,0,0,0,0,0,0,0,0,0,0,0,0,0,0,0,0,0,0,0,0,0,0,0,0,0,0,0,0,0,0,0,0,0,0,0,0,0,0,0,0,0,0,0,0,0,0,0,0,0,0,0,0,0,0,0,0,0,0,0,0,0,0,0,0,0,0,0,0,0,0,0,0,0,0,0,0,0,0,0,0,0,0,0,0,0,0,0,0
PMSVANidhi1,.txt,350,9805,1505,18583,54744,5368,81090,4769,40224,0,1703,30292,75485,3453,35559,1510,1764,4308,22764,3189,4009,28949,5061,131,0,878,8038,34912,354,86,907,355,0,1585,7265,1678,5414,704,761,35194,16516,1492,1246,518,1996,0,0,0,0,0,0,2376,1145,2596,287,1028,250,214,2368,442,4845,88,563,60,23,22923,2482,69937,4960,31,47,11,15372,1829,25383,4880,26,37,8,4569,81,12948,298,1,11,0,166,37,5339,148,1,0,0,116190,2517,50678,71240,27677,0,0,0,0,319,1664,33,11,173,36,1266,1949,169,0,36,59,696,18,740,85,24,405,581,64,87,924,540,342,118,47,380,162,137,180,124,86,1134,936,1381,950,22,460,366,812,309,18,1092,101,7362,2518,5870,101,7362,2518,5870,890,342,297,0,0,0,0,0,0,0,0,0,0,0
PMSVANidhi2,.txt,454,8028,1980,17008,46391,4842,79039,6516,37113,0,1321,21573,73081,4709,42217,1716,2650,6111,16708,2332,2391,30966,5119,149,0,715,9018,36277,309,85,665,192,0,3019,7573,2121,4510,728,833,38711,16175,1158,834,488,1949,0,0,0,0,0,0,1624,759,2318,93,1295,78,24,1189,314,6670,85,595,51,14,19722,4285,82712,6436,24,54,3,13081,3066,26639,5770,30,40,3,3414,44,15761,374,0,0,0,235,31,5560,170,0,0,0,125506,1812,48724,51437,23748,0,0,0,0,218,0,23,0,77,6,1714,1260,86,0,65,111,473,18,202,83,59,132,570,144,85,1295,1021,492,239,38,412,269,131,264,132,93,489,342,670,517,9,85,62,201,125,0,1494,104,6701,2393,7537,104,6701,2393,7537,816,436,289,0,0,0,0,0,0,0,0,0,0,0
PMSVANidhi3,.txt,213,11941,755,12646,43838,5061,63652,3021,28475,0,1758,26047,53896,2437,27580,1339,870,2004,20784,2716,4026,23104,3737,87,0,973,7262,27665,249,44,837,321,0,1424,6295,2304,4682,1030,801,29622,12620,1547,1155,457,1902,0,0,0,0,0,0,2087,855,2685,230,508,293,245,1912,239,3044,59,164,94,19,19025,1236,57569,4053,30,63,12,11863,730,17461,3817,8,39,4,4883,81,10205,372,0,11,0,158,28,3807,142,0,0,0,103031,2290,39200,50275,20464,0,0,0,0,322,97,43,6,173,33,1138,1963,159,0,38,42,700,9,619,77,20,314,258,62,70,618,461,128,101,52,276,76,69,69,63,81,1035,905,1182,880,22,320,278,523,169,16,619,124,2334,740,557,124,2334,740,557,313,189,81,0,0,0,0,0,0,0,0,0,0,0
PMSVANidhi4,.txt,320,11866,764,11802,54233,4364,74473,3743,37319,0,1554,25579,97041,2726,36109,1210,1055,2579,16986,2488,4448,28217,5727,65,0,1215,7384,31303,235,74,901,363,0,1195,7076,2364,5744,596,742,33653,15328,1427,1148,462,2081,0,0,0,0,0,0,2263,828,5165,261,1183,247,212,2079,259,13488,75,827,39,21,20616,2010,67642,4818,11,45,11,13398,1322,19038,4827,9,36,8,6179,66,18378,320,1,11,0,669,25,5569,191,1,0,0,115506,2728,48188,65800,22855,0,0,0,0,338,50,38,7,182,33,827,2275,184,0,31,58,939,12,809,101,21,446,855,49,79,528,468,152,111,34,252,93,67,89,41,50,1274,1001,1781,1098,25,359,305,607,259,16,893,95,2565,717,1092,95,2565,717,1092,353,202,123,0,0,0,0,0,0,0,0,0,0,0
PMSVANidhi5,.txt,173,4531,617,6733,28834,2433,46083,2469,17949,0,500,14910,37483,1437,18087,1035,539,1252,8966,2536,2371,19483,2992,188,0,477,5240,17203,174,20,254,99,0,737,3210,1099,2683,599,564,19343,7973,781,385,164,902,0,0,0,0,0,0,4172,224,1358,36,1735,88,32,1653,84,2556,18,923,58,10,9173,896,36894,2607,62,24,11,4992,554,12191,2162,62,26,16,1604,26,9274,197,2,0,0,41,17,3605,81,2,0,0,74771,1094,34695,23357,12040,0,0,0,0,153,0,5,0,93,2,786,726,27,0,11,5,256,2,89,34,2,44,721,58,21,316,189,38,43,7,182,119,167,167,137,106,347,298,327,251,5,36,27,71,24,0,744,112,2976,1136,2484,112,2976,1136,2484,1033,613,600,0,0,0,0,0,0,0,0,0,0,0
umang1,.txt,622,125680,6788,666849,40395,2017,85508,8400,27887,0,466,17418,107225,2322,43772,823,971,2150,14637,4142,2467,29052,5473,3,0,229,7928,41651,749,582,357,139,0,554,6106,1556,3116,532,955,26565,12239,1181,957,319,1502,0,0,0,0,0,0,1222,70,2772,17,541,322,56,1108,54,10172,20,536,109,31,36180,1147,91593,3788,5,165,6,20065,678,21919,3517,4,114,5,2978,37,28000,350,33,17,0,315,23,8943,227,8,0,0,115067,3184,42300,43218,15050,0,0,0,0,189,0,17,0,56,26,502,1072,131,0,26,24,560,5,177,70,16,65,502,185,68,207,192,66,61,43,191,72,34,60,56,52,331,262,749,340,19,155,100,274,129,7,858,86,6409,2112,8453,86,6409,2112,8453,610,292,376,0,0,0,0,0,0,0,0,0,0,0
umang2,.txt,622,125680,6788,666913,40396,2017,85517,8401,27885,0,466,17425,107270,2322,43786,823,971,2150,14641,4142,2467,29062,5473,3,0,229,7928,41667,749,582,357,139,0,554,6107,1556,3116,532,955,26565,12239,1181,957,319,1502,0,0,0,0,0,0,1222,70,2772,17,541,322,56,1108,54,10172,20,536,109,31,36180,1147,91591,3787,5,165,6,20071,678,21927,3515,4,114,5,2978,37,28043,350,33,17,0,315,23,8958,227,8,0,0,115067,3182,42310,43237,15047,0,0,0,0,189,0,17,0,56,26,502,1072,131,0,26,24,560,5,177,70,16,65,502,185,68,207,192,66,61,43,191,72,34,60,56,52,331,262,749,340,19,155,100,274,129,7,858,86,6409,2112,8453,86,6409,2112,8453,610,292,376,0,0,0,0,0,0,0,0,0,0,0
umang3,.txt,586,145626,10656,646702,44674,2680,85573,7131,28984,0,728,16422,108974,3348,42134,845,915,1964,14732,3920,2550,29546,5595,3,0,307,7052,43986,852,422,441,158,0,1147,7561,1778,3777,673,1113,29040,13809,1376,1129,346,1722,0,0,0,0,0,0,1473,174,2917,45,545,345,63,1284,102,9436,42,317,114,35,17740,2068,65738,4726,8,165,6,10867,1168,22711,4249,9,114,5,3818,44,27907,357,33,17,0,610,22,8625,242,8,0,0,114822,3034,44608,42719,14617,0,0,0,0,263,0,31,0,62,26,777,1295,148,0,33,53,712,8,187,87,28,78,255,206,88,432,367,160,136,37,226,104,31,101,51,37,385,295,890,402,9,164,103,302,142,3,1032,105,2051,755,181,105,2051,755,181,509,363,191,0,0,0,0,0,0,0,0,0,0,0
umang4,.txt,521,9620,1254,18348,68087,5683,128708,7080,57326,0,1470,41097,106182,5724,59895,7547,3046,6844,25863,3152,4083,44504,9337,1027,0,1996,11067,42278,488,77,732,405,0,2859,8208,2508,6157,1129,1147,45842,20189,1578,1066,666,2787,0,0,0,0,0,0,2690,540,5823,159,802,406,68,3348,238,13238,109,400,200,24,20462,3436,100743,6206,105,84,112,11947,2683,33051,5186,59,60,69,4274,80,27999,396,2,4,0,140,59,11617,352,2,1,0,206902,3419,66205,71390,42453,0,0,0,0,308,90,29,14,156,26,2250,2035,220,0,54,99,665,18,414,149,24,185,559,162,93,991,570,176,158,23,976,819,151,185,76,149,964,901,1026,756,13,175,172,419,161,9,1778,212,2948,1139,827,212,2948,1139,827,811,299,335,0,0,0,0,0,0,0,0,0,0,0
umang5,.txt,615,9912,1341,19048,73042,6278,138035,7566,61757,0,1637,45381,111811,6032,60497,8187,3269,7323,28318,3485,4284,46524,10049,1060,0,2047,12316,44395,615,79,745,418,0,3034,8730,2754,6714,1227,1203,48039,21344,1719,1187,691,2915,0,0,0,0,0,0,2974,558,6062,169,1006,425,68,3610,246,14212,115,429,208,24,22309,3625,107284,6577,119,84,118,13072,2833,35146,5558,87,60,72,4479,88,29307,405,2,5,0,168,114,12243,356,2,1,0,215832,3925,73414,78886,44019,0,0,0,0,319,97,31,15,156,26,2882,2027,236,0,56,100,672,19,421,159,24,185,642,167,94,1095,595,179,157,23,1085,901,204,268,84,157,960,903,1036,762,13,181,174,431,162,9,1882,226,3762,1442,932,226,3762,1442,932,999,318,413,0,0,0,0,0,0,0,0,0,0,0
